method,dataset,instance,run_id,seed,Z,bound,gap_solver_pct,time_to_best_s,total_time_s,time_budget_s,model_status,iterations,T,J,I,source_path,raw_method,construction_used,Z_construction,rf_wall_time_s
CPLEX22_1h,2X,IncT2X_1,1,,40179.544,40179.544,0.0,,219.9631,3600.0,OptimalGlobal,4732849.0,38.0,159.0,50.0,,,,,
CPLEX22_1h,2X,IncT2X_10,1,,8335.23,8335.23,0.0,,184.1404,3600.0,OptimalGlobal,3819606.0,38.0,159.0,50.0,,,,,
CPLEX22_1h,2X,IncT2X_2,1,,105100.906,105100.906,0.0,,55.3041,3600.0,OptimalGlobal,650202.0,38.0,159.0,50.0,,,,,
CPLEX22_1h,2X,IncT2X_3,1,,42938.57,42938.57,0.0,,1313.137,3600.0,OptimalGlobal,16114173.0,38.0,159.0,50.0,,,,,
CPLEX22_1h,2X,IncT2X_4,1,,131571.0,131571.0,0.0,,64.9986,3600.0,OptimalGlobal,652340.0,38.0,159.0,50.0,,,,,
CPLEX22_1h,2X,IncT2X_5,1,,38183.994,38183.994,0.0,,337.8791,3600.0,OptimalGlobal,6237882.0,38.0,159.0,50.0,,,,,
CPLEX22_1h,2X,IncT2X_6,1,,70335.169,70335.169,0.0,,455.5469,3600.0,OptimalGlobal,6495266.0,38.0,159.0,50.0,,,,,
CPLEX22_1h,2X,IncT2X_7,1,,13506.887,13506.887,0.0,,1757.0309,3600.0,OptimalGlobal,10385332.0,38.0,159.0,50.0,,,,,
CPLEX22_1h,2X,IncT2X_8,1,,169018.311,169018.311,0.0,,82.6851,3600.0,OptimalGlobal,1068627.0,38.0,159.0,50.0,,,,,
CPLEX22_1h,2X,IncT2X_9,1,,18632.113,18632.113,0.0,,2395.7186,3600.0,OptimalGlobal,20230480.0,38.0,159.0,50.0,,,,,
CPLEX22_1h,3X,IncT3x_1,1,,43446.121,42904.315727,1.247074,,3601.9649,3600.0,Integer,3942812.0,57.0,159.0,50.0,,,,,
CPLEX22_1h,3X,IncT3x_10,1,,10937.023,10471.158125,4.259522,,3642.8695,3600.0,Integer,23690201.0,57.0,159.0,50.0,,,,,
CPLEX22_1h,3X,IncT3x_2,1,,108645.892,108359.620274,0.263491,,3631.1022,3600.0,Integer,11518185.0,57.0,159.0,50.0,,,,,
CPLEX22_1h,3X,IncT3x_3,1,,46154.492,45644.861159,1.104185,,3619.5587,3600.0,Integer,5687640.0,57.0,159.0,50.0,,,,,
CPLEX22_1h,3X,IncT3x_4,1,,134477.501,134178.43315,0.222392,,3609.8917,3600.0,Integer,20825887.0,57.0,159.0,50.0,,,,,
CPLEX22_1h,3X,IncT3x_5,1,,40735.322,40455.733016,0.686355,,3646.1459,3600.0,Integer,8807793.0,57.0,159.0,50.0,,,,,
CPLEX22_1h,3X,IncT3x_6,1,,73458.775,73051.893245,0.553891,,3610.9705,3600.0,Integer,19164175.0,57.0,159.0,50.0,,,,,
CPLEX22_1h,3X,IncT3x_7,1,,16586.707,15039.992885,9.325022,,3611.3397,3600.0,Integer,7598502.0,57.0,159.0,50.0,,,,,
CPLEX22_1h,3X,IncT3x_8,1,,171950.123,171746.536196,0.118399,,3606.9703,3600.0,Integer,13594804.0,57.0,159.0,50.0,,,,,
CPLEX22_1h,3X,IncT3x_9,1,,21779.42,20997.222834,3.591451,,3617.4834,3600.0,Integer,5786978.0,57.0,159.0,50.0,,,,,
CPLEX22_1h,4X,IncT4x_1,1,,47060.324,45210.936087,3.929824,,3603.3772,3600.0,Integer,4157544.0,76.0,159.0,50.0,,,,,
CPLEX22_1h,4X,IncT4x_10,1,,13436.508,12183.327453,9.326683,,3603.0557,3600.0,Integer,7312522.0,76.0,159.0,50.0,,,,,
CPLEX22_1h,4X,IncT4x_2,1,,112112.118,110449.480819,1.483013,,3604.1586,3600.0,Integer,4193618.0,76.0,159.0,50.0,,,,,
CPLEX22_1h,4X,IncT4x_3,1,,49654.614,48519.519319,2.28598,,3603.4507,3600.0,Integer,5389790.0,76.0,159.0,50.0,,,,,
CPLEX22_1h,4X,IncT4x_4,1,,137442.852,136511.585127,0.677567,,3617.3523,3600.0,Integer,8717980.0,76.0,159.0,50.0,,,,,
CPLEX22_1h,4X,IncT4x_5,1,,43478.85,42840.136072,1.469022,,3619.7052,3600.0,Integer,8282911.0,76.0,159.0,50.0,,,,,
CPLEX22_1h,4X,IncT4x_6,1,,76838.09,75529.307595,1.703299,,3620.2285,3600.0,Integer,14282104.0,76.0,159.0,50.0,,,,,
CPLEX22_1h,4X,IncT4x_7,1,,19975.839,16212.102393,18.841444,,3602.5512,3600.0,Integer,5138991.0,76.0,159.0,50.0,,,,,
CPLEX22_1h,4X,IncT4x_8,1,,174700.915,174130.345802,0.326598,,3632.9474,3600.0,Integer,15467015.0,76.0,159.0,50.0,,,,,
CPLEX22_1h,4X,IncT4x_9,1,,24728.428,23355.207598,5.553205,,3627.5864,3600.0,Integer,12497437.0,76.0,159.0,50.0,,,,,
CPLEX22_1h,5X,IncT5x_1,1,,50531.718,46914.051044,7.1592,,3603.925,3600.0,Integer,4835286.0,95.0,159.0,50.0,,,,,
CPLEX22_1h,5X,IncT5x_10,1,,17970.346,13779.688617,23.319848,,3603.7309,3600.0,Integer,5098129.0,95.0,159.0,50.0,,,,,
CPLEX22_1h,5X,IncT5x_2,1,,116736.699,112829.374817,3.347126,,3604.1476,3600.0,Integer,3625738.0,95.0,159.0,50.0,,,,,
CPLEX22_1h,5X,IncT5x_3,1,,54387.75,51303.43758,5.670969,,3603.6831,3600.0,Integer,5200588.0,95.0,159.0,50.0,,,,,
CPLEX22_1h,5X,IncT5x_4,1,,141718.617,138795.686305,2.062489,,3607.317,3600.0,Integer,8704803.0,95.0,159.0,50.0,,,,,
CPLEX22_1h,5X,IncT5x_5,1,,46154.55,45124.846777,2.23099,,3612.9862,3600.0,Integer,6657149.0,95.0,159.0,50.0,,,,,
CPLEX22_1h,5X,IncT5x_6,1,,80612.087,77810.495571,3.475399,,3617.8654,3600.0,Integer,10531808.0,95.0,159.0,50.0,,,,,
CPLEX22_1h,5X,IncT5x_7,1,,23105.003,17937.048854,22.367252,,3616.7087,3600.0,Integer,10811727.0,95.0,159.0,50.0,,,,,
CPLEX22_1h,5X,IncT5x_8,1,,177696.017,175331.514404,1.330645,,3611.3963,3600.0,Integer,10252455.0,95.0,159.0,50.0,,,,,
CPLEX22_1h,5X,IncT5x_9,1,,29151.91,24011.330431,17.633766,,3604.266,3600.0,Integer,4846974.0,95.0,159.0,50.0,,,,,
CPLEX22_1h,Real,Ale_1,1,,86264.683,86264.683,0.0,,30.748,3600.0,OptimalGlobal,612942.0,25.0,160.0,50.0,,,,,
CPLEX22_1h,Real,Ale_10,1,,5639.568,5639.568,0.0,,2.2695,3600.0,OptimalGlobal,17145.0,19.0,159.0,50.0,,,,,
CPLEX22_1h,Real,Ale_2,1,,99950.709,99950.709,0.0,,2.07,3600.0,OptimalGlobal,19859.0,19.0,159.0,50.0,,,,,
CPLEX22_1h,Real,Ale_3,1,,39695.173,39695.173,0.0,,2.3564,3600.0,OptimalGlobal,68131.0,19.0,159.0,50.0,,,,,
CPLEX22_1h,Real,Ale_4,1,,127725.976,127725.976,0.0,,2.179,3600.0,OptimalGlobal,29280.0,19.0,159.0,50.0,,,,,
CPLEX22_1h,Real,Ale_5,1,,35426.141,35426.141,0.0,,2.4521,3600.0,OptimalGlobal,84998.0,19.0,159.0,50.0,,,,,
CPLEX22_1h,Real,Ale_6,1,,66677.463,66677.463,0.0,,1.6706,3600.0,OptimalGlobal,15681.0,19.0,159.0,50.0,,,,,
CPLEX22_1h,Real,Ale_7,1,,10568.618,10568.618,0.0,,35.066,3600.0,OptimalGlobal,1366694.0,19.0,159.0,50.0,,,,,
CPLEX22_1h,Real,Ale_8,1,,160911.938,160911.938,0.0,,1.5858,3600.0,OptimalGlobal,2718.0,19.0,159.0,50.0,,,,,
CPLEX22_1h,Real,Ale_9,1,,15627.917,15627.917,0.0,,2.9262,3600.0,OptimalGlobal,130939.0,19.0,159.0,50.0,,,,,
CPLEX22_3h,2X,IncT2X_1,1,,40179.544,40179.544,0.0,,209.6151,10800.0,OptimalGlobal,4732849.0,38.0,159.0,50.0,,,,,
CPLEX22_3h,2X,IncT2X_10,1,,8335.23,8335.23,0.0,,173.104,10800.0,OptimalGlobal,3819606.0,38.0,159.0,50.0,,,,,
CPLEX22_3h,2X,IncT2X_2,1,,105100.906,105100.906,0.0,,50.8178,10800.0,OptimalGlobal,650202.0,38.0,159.0,50.0,,,,,
CPLEX22_3h,2X,IncT2X_3,1,,42938.57,42938.57,0.0,,1261.6051,10800.0,OptimalGlobal,16114173.0,38.0,159.0,50.0,,,,,
CPLEX22_3h,2X,IncT2X_4,1,,131571.0,131571.0,0.0,,59.5806,10800.0,OptimalGlobal,652340.0,38.0,159.0,50.0,,,,,
CPLEX22_3h,2X,IncT2X_5,1,,38183.994,38183.994,0.0,,317.7187,10800.0,OptimalGlobal,6237882.0,38.0,159.0,50.0,,,,,
CPLEX22_3h,2X,IncT2X_6,1,,70335.169,70335.169,0.0,,436.6009,10800.0,OptimalGlobal,6495266.0,38.0,159.0,50.0,,,,,
CPLEX22_3h,2X,IncT2X_7,1,,13506.887,13506.887,0.0,,1730.3252,10800.0,OptimalGlobal,10385332.0,38.0,159.0,50.0,,,,,
CPLEX22_3h,2X,IncT2X_8,1,,169018.311,169018.311,0.0,,75.5205,10800.0,OptimalGlobal,1068627.0,38.0,159.0,50.0,,,,,
CPLEX22_3h,2X,IncT2X_9,1,,18632.113,18632.113,0.0,,2349.812,10800.0,OptimalGlobal,20230480.0,38.0,159.0,50.0,,,,,
CPLEX22_3h,3X,IncT3x_1,1,,43424.391,42979.18296,1.025249,,10805.0957,10800.0,Integer,8309753.0,57.0,159.0,50.0,,,,,
CPLEX22_3h,3X,IncT3x_10,1,,10914.378,10501.363105,3.784136,,10907.7603,10800.0,Integer,51381850.0,57.0,159.0,50.0,,,,,
CPLEX22_3h,3X,IncT3x_2,1,,108645.892,108415.298656,0.212243,,10864.5355,10800.0,Integer,23405922.0,57.0,159.0,50.0,,,,,
CPLEX22_3h,3X,IncT3x_3,1,,46154.492,45689.573082,1.00731,,10827.5544,10800.0,Integer,13905921.0,57.0,159.0,50.0,,,,,
CPLEX22_3h,3X,IncT3x_4,1,,134477.501,134218.018056,0.192956,,10874.8819,10800.0,Integer,51831927.0,57.0,159.0,50.0,,,,,
CPLEX22_3h,3X,IncT3x_5,1,,40735.322,40503.384026,0.569378,,10867.2381,10800.0,Integer,26151896.0,57.0,159.0,50.0,,,,,
CPLEX22_3h,3X,IncT3x_6,1,,73458.775,73092.751498,0.498271,,10851.9817,10800.0,Integer,40140223.0,57.0,159.0,50.0,,,,,
CPLEX22_3h,3X,IncT3x_7,1,,16591.924,15564.893466,6.189942,,10825.7499,10800.0,Integer,18985077.0,57.0,159.0,50.0,,,,,
CPLEX22_3h,3X,IncT3x_8,1,,171942.718,171765.74598,0.102925,,10815.2854,10800.0,Integer,37027459.0,57.0,159.0,50.0,,,,,
CPLEX22_3h,3X,IncT3x_9,1,,21779.42,21057.503957,3.314671,,10823.2492,10800.0,Integer,11202942.0,57.0,159.0,50.0,,,,,
CPLEX22_3h,4X,IncT4x_1,1,,46880.699,45448.028958,3.055991,,10822.9058,10800.0,Integer,7520169.0,76.0,159.0,50.0,,,,,
CPLEX22_3h,4X,IncT4x_10,1,,13375.333,12515.283732,6.430115,,10816.4055,10800.0,Integer,12912575.0,76.0,159.0,50.0,,,,,
CPLEX22_3h,4X,IncT4x_2,1,,111902.298,110607.975981,1.156654,,10820.7675,10800.0,Integer,8919766.0,76.0,159.0,50.0,,,,,
CPLEX22_3h,4X,IncT4x_3,1,,49468.889,48583.051269,1.790697,,10820.5461,10800.0,Integer,9198973.0,76.0,159.0,50.0,,,,,
CPLEX22_3h,4X,IncT4x_4,1,,137435.102,136586.18608,0.617685,,10823.4508,10800.0,Integer,16248693.0,76.0,159.0,50.0,,,,,
CPLEX22_3h,4X,IncT4x_5,1,,43396.022,42873.136315,1.204916,,10828.0287,10800.0,Integer,18675841.0,76.0,159.0,50.0,,,,,
CPLEX22_3h,4X,IncT4x_6,1,,76811.29,75649.648206,1.512332,,10834.9441,10800.0,Integer,31831243.0,76.0,159.0,50.0,,,,,
CPLEX22_3h,4X,IncT4x_7,1,,19759.389,16244.250381,17.789713,,10807.8333,10800.0,Integer,9103457.0,76.0,159.0,50.0,,,,,
CPLEX22_3h,4X,IncT4x_8,1,,174700.915,174178.666981,0.298938,,10864.9922,10800.0,Integer,35683280.0,76.0,159.0,50.0,,,,,
CPLEX22_3h,4X,IncT4x_9,1,,24689.228,23391.565429,5.255987,,10879.5067,10800.0,Integer,36074065.0,76.0,159.0,50.0,,,,,
CPLEX22_3h,5X,IncT5x_1,1,,50531.718,47662.707147,5.677644,,10806.5069,10800.0,Integer,7073180.0,95.0,159.0,50.0,,,,,
CPLEX22_3h,5X,IncT5x_10,1,,16964.09,13779.688617,18.771425,,10805.3634,10800.0,Integer,7290710.0,95.0,159.0,50.0,,,,,
CPLEX22_3h,5X,IncT5x_2,1,,116740.099,112895.17708,3.293574,,10809.4927,10800.0,Integer,5180886.0,95.0,159.0,50.0,,,,,
CPLEX22_3h,5X,IncT5x_3,1,,53570.461,51461.815644,3.936209,,10807.9498,10800.0,Integer,6717104.0,95.0,159.0,50.0,,,,,
CPLEX22_3h,5X,IncT5x_4,1,,141043.753,138997.565845,1.450746,,10864.5403,10800.0,Integer,16941769.0,95.0,159.0,50.0,,,,,
CPLEX22_3h,5X,IncT5x_5,1,,46138.191,45181.148493,2.074296,,10820.3022,10800.0,Integer,12123217.0,95.0,159.0,50.0,,,,,
CPLEX22_3h,5X,IncT5x_6,1,,80682.046,77922.383059,3.420418,,10833.1417,10800.0,Integer,37109020.0,95.0,159.0,50.0,,,,,
CPLEX22_3h,5X,IncT5x_7,1,,22166.183,18546.29353,16.330685,,10821.2188,10800.0,Integer,37663447.0,95.0,159.0,50.0,,,,,
CPLEX22_3h,5X,IncT5x_8,1,,177536.272,175931.402325,0.903967,,10838.6635,10800.0,Integer,32931383.0,95.0,159.0,50.0,,,,,
CPLEX22_3h,5X,IncT5x_9,1,,28653.896,24011.330431,16.202214,,10808.8709,10800.0,Integer,8341367.0,95.0,159.0,50.0,,,,,
CPLEX22_3h,Real,Ale_1,1,,86264.683,86264.683,0.0,,28.6846,10800.0,OptimalGlobal,612942.0,25.0,160.0,50.0,,,,,
CPLEX22_3h,Real,Ale_10,1,,5639.568,5639.568,0.0,,2.0483,10800.0,OptimalGlobal,17145.0,19.0,159.0,50.0,,,,,
CPLEX22_3h,Real,Ale_2,1,,99950.709,99950.709,0.0,,1.9968,10800.0,OptimalGlobal,19859.0,19.0,159.0,50.0,,,,,
CPLEX22_3h,Real,Ale_3,1,,39695.173,39695.173,0.0,,2.3118,10800.0,OptimalGlobal,68131.0,19.0,159.0,50.0,,,,,
CPLEX22_3h,Real,Ale_4,1,,127725.976,127725.976,0.0,,2.1456,10800.0,OptimalGlobal,29280.0,19.0,159.0,50.0,,,,,
CPLEX22_3h,Real,Ale_5,1,,35426.141,35426.141,0.0,,2.4799,10800.0,OptimalGlobal,84998.0,19.0,159.0,50.0,,,,,
CPLEX22_3h,Real,Ale_6,1,,66677.463,66677.463,0.0,,1.7404,10800.0,OptimalGlobal,15681.0,19.0,159.0,50.0,,,,,
CPLEX22_3h,Real,Ale_7,1,,10568.618,10568.618,0.0,,32.0508,10800.0,OptimalGlobal,1366694.0,19.0,159.0,50.0,,,,,
CPLEX22_3h,Real,Ale_8,1,,160911.938,160911.938,0.0,,1.5735,10800.0,OptimalGlobal,2718.0,19.0,159.0,50.0,,,,,
CPLEX22_3h,Real,Ale_9,1,,15627.917,15627.917,0.0,,2.6867,10800.0,OptimalGlobal,130939.0,19.0,159.0,50.0,,,,,
GRASP_v1,2X,IncT2X_1,1,1373158607.0,64178.536,,,1339.526,1800.704,1900.0,,619.0,38.0,159.0,52.0,,,,,
GRASP_v1,2X,IncT2X_1,2,239081664.0,60874.168,,,761.161,1801.077,1900.0,,620.0,38.0,159.0,52.0,,,,,
GRASP_v1,2X,IncT2X_1,3,53710185.0,58520.244,,,298.645,1800.085,1900.0,,608.0,38.0,159.0,52.0,,,,,
GRASP_v1,2X,IncT2X_1,4,1592467582.0,66177.218,,,769.335,1801.108,1900.0,,618.0,38.0,159.0,52.0,,,,,
GRASP_v1,2X,IncT2X_1,5,590620972.0,64340.192,,,135.836,1800.451,1900.0,,611.0,38.0,159.0,52.0,,,,,
GRASP_v1,2X,IncT2X_1,6,525901257.0,63780.516,,,163.467,1802.788,1900.0,,613.0,38.0,159.0,52.0,,,,,
GRASP_v1,2X,IncT2X_1,7,479341424.0,65185.931,,,72.995,1803.682,1900.0,,627.0,38.0,159.0,52.0,,,,,
GRASP_v1,2X,IncT2X_1,8,299655413.0,60463.658,,,1261.786,1802.353,1900.0,,627.0,38.0,159.0,52.0,,,,,
GRASP_v1,2X,IncT2X_1,9,1581559893.0,56781.252,,,198.239,1801.66,1900.0,,623.0,38.0,159.0,52.0,,,,,
GRASP_v1,2X,IncT2X_1,10,220106708.0,66475.511,,,1459.503,1800.438,1900.0,,627.0,38.0,159.0,52.0,,,,,
GRASP_v1,2X,IncT2X_10,1,1453201079.0,20433.055,,,896.981,1800.25,1900.0,,623.0,38.0,159.0,52.0,,,,,
GRASP_v1,2X,IncT2X_10,2,1590571866.0,20333.283,,,1683.524,1800.122,1900.0,,620.0,38.0,159.0,52.0,,,,,
GRASP_v1,2X,IncT2X_10,3,1915941033.0,19902.602,,,1188.695,1803.215,1900.0,,606.0,38.0,159.0,52.0,,,,,
GRASP_v1,2X,IncT2X_10,4,1171165723.0,24979.508,,,420.054,1801.768,1900.0,,607.0,38.0,159.0,52.0,,,,,
GRASP_v1,2X,IncT2X_10,5,186699714.0,22228.545,,,1608.327,1801.831,1900.0,,621.0,38.0,159.0,52.0,,,,,
GRASP_v1,2X,IncT2X_10,6,1268073013.0,23819.664,,,1145.795,1801.963,1900.0,,602.0,38.0,159.0,52.0,,,,,
GRASP_v1,2X,IncT2X_10,7,906070221.0,22578.753,,,425.611,1802.338,1900.0,,616.0,38.0,159.0,52.0,,,,,
GRASP_v1,2X,IncT2X_10,8,68252794.0,19793.324,,,608.563,1800.323,1900.0,,610.0,38.0,159.0,52.0,,,,,
GRASP_v1,2X,IncT2X_10,9,63989048.0,18195.091,,,1765.871,1800.386,1900.0,,620.0,38.0,159.0,52.0,,,,,
GRASP_v1,2X,IncT2X_10,10,201209006.0,21882.941,,,442.966,1800.751,1900.0,,616.0,38.0,159.0,52.0,,,,,
GRASP_v1,2X,IncT2X_2,1,469521478.0,118718.095,,,86.909,1800.896,1900.0,,699.0,38.0,159.0,52.0,,,,,
GRASP_v1,2X,IncT2X_2,2,499635469.0,130316.687,,,78.029,1801.712,1900.0,,720.0,38.0,159.0,52.0,,,,,
GRASP_v1,2X,IncT2X_2,3,1085242217.0,137245.701,,,1214.377,1800.042,1900.0,,710.0,38.0,159.0,52.0,,,,,
GRASP_v1,2X,IncT2X_2,4,1292825379.0,121228.74,,,1475.75,1800.233,1900.0,,723.0,38.0,159.0,52.0,,,,,
GRASP_v1,2X,IncT2X_2,5,56985562.0,120468.68,,,294.212,1802.063,1900.0,,698.0,38.0,159.0,52.0,,,,,
GRASP_v1,2X,IncT2X_2,6,1205264596.0,130648.9,,,88.74,1800.693,1900.0,,704.0,38.0,159.0,52.0,,,,,
GRASP_v1,2X,IncT2X_2,7,427000597.0,124743.856,,,36.223,1802.413,1900.0,,711.0,38.0,159.0,52.0,,,,,
GRASP_v1,2X,IncT2X_2,8,1537640409.0,117819.891,,,174.072,1803.45,1900.0,,709.0,38.0,159.0,52.0,,,,,
GRASP_v1,2X,IncT2X_2,9,1395616197.0,111931.515,,,1750.383,1800.882,1900.0,,722.0,38.0,159.0,52.0,,,,,
GRASP_v1,2X,IncT2X_2,10,1506083911.0,120743.511,,,269.823,1801.688,1900.0,,706.0,38.0,159.0,52.0,,,,,
GRASP_v1,2X,IncT2X_3,1,1170252924.0,60831.945,,,390.188,1801.444,1900.0,,612.0,38.0,159.0,52.0,,,,,
GRASP_v1,2X,IncT2X_3,2,900911955.0,57318.583,,,540.104,1800.402,1900.0,,609.0,38.0,159.0,52.0,,,,,
GRASP_v1,2X,IncT2X_3,3,473392625.0,61556.036,,,15.5,1803.687,1900.0,,616.0,38.0,159.0,52.0,,,,,
GRASP_v1,2X,IncT2X_3,4,964669078.0,65055.363,,,433.043,1804.542,1900.0,,611.0,38.0,159.0,52.0,,,,,
GRASP_v1,2X,IncT2X_3,5,1265438423.0,61527.347,,,170.664,1803.671,1900.0,,622.0,38.0,159.0,52.0,,,,,
GRASP_v1,2X,IncT2X_3,6,597409993.0,57621.621,,,767.176,1800.88,1900.0,,632.0,38.0,159.0,52.0,,,,,
GRASP_v1,2X,IncT2X_3,7,1738238662.0,64853.657,,,370.534,1800.69,1900.0,,603.0,38.0,159.0,52.0,,,,,
GRASP_v1,2X,IncT2X_3,8,1866808230.0,59429.224,,,385.424,1802.446,1900.0,,623.0,38.0,159.0,52.0,,,,,
GRASP_v1,2X,IncT2X_3,9,13955984.0,59773.423,,,985.853,1802.744,1900.0,,616.0,38.0,159.0,52.0,,,,,
GRASP_v1,2X,IncT2X_3,10,1629526406.0,63017.097,,,925.127,1802.656,1900.0,,612.0,38.0,159.0,52.0,,,,,
GRASP_v1,2X,IncT2X_4,1,1730483679.0,155971.591,,,1210.679,1800.969,1900.0,,751.0,38.0,159.0,52.0,,,,,
GRASP_v1,2X,IncT2X_4,2,342865763.0,153848.012,,,1801.125,1802.387,1900.0,,780.0,38.0,159.0,52.0,,,,,
GRASP_v1,2X,IncT2X_4,3,1499242942.0,154682.044,,,1534.697,1800.401,1900.0,,760.0,38.0,159.0,52.0,,,,,
GRASP_v1,2X,IncT2X_4,4,907557513.0,153311.158,,,969.103,1800.675,1900.0,,753.0,38.0,159.0,52.0,,,,,
GRASP_v1,2X,IncT2X_4,5,730682428.0,150593.679,,,1640.064,1801.931,1900.0,,763.0,38.0,159.0,52.0,,,,,
GRASP_v1,2X,IncT2X_4,6,596724165.0,150481.479,,,648.892,1800.81,1900.0,,755.0,38.0,159.0,52.0,,,,,
GRASP_v1,2X,IncT2X_4,7,333889689.0,157090.757,,,1129.722,1801.248,1900.0,,763.0,38.0,159.0,52.0,,,,,
GRASP_v1,2X,IncT2X_4,8,462382782.0,151645.249,,,541.954,1802.051,1900.0,,766.0,38.0,159.0,52.0,,,,,
GRASP_v1,2X,IncT2X_4,9,2055599410.0,152467.851,,,1058.79,1801.868,1900.0,,756.0,38.0,159.0,52.0,,,,,
GRASP_v1,2X,IncT2X_4,10,1639591160.0,152442.449,,,757.864,1802.277,1900.0,,750.0,38.0,159.0,52.0,,,,,
GRASP_v1,2X,IncT2X_5,1,722831293.0,49669.393,,,1700.781,1802.032,1900.0,,595.0,38.0,159.0,52.0,,,,,
GRASP_v1,2X,IncT2X_5,2,219494903.0,54135.7,,,1638.853,1800.058,1900.0,,589.0,38.0,159.0,52.0,,,,,
GRASP_v1,2X,IncT2X_5,3,199170185.0,51126.36,,,170.079,1801.077,1900.0,,594.0,38.0,159.0,52.0,,,,,
GRASP_v1,2X,IncT2X_5,4,815887679.0,54103.441,,,612.009,1801.156,1900.0,,599.0,38.0,159.0,52.0,,,,,
GRASP_v1,2X,IncT2X_5,5,207696844.0,48847.606,,,566.292,1805.724,1900.0,,599.0,38.0,159.0,52.0,,,,,
GRASP_v1,2X,IncT2X_5,6,770902344.0,48359.822,,,709.013,1801.972,1900.0,,595.0,38.0,159.0,52.0,,,,,
GRASP_v1,2X,IncT2X_5,7,1819980298.0,52093.91,,,739.147,1800.02,1900.0,,587.0,38.0,159.0,52.0,,,,,
GRASP_v1,2X,IncT2X_5,8,738639289.0,51824.649,,,506.12,1801.947,1900.0,,588.0,38.0,159.0,52.0,,,,,
GRASP_v1,2X,IncT2X_5,9,1296491778.0,47329.026,,,220.351,1801.889,1900.0,,588.0,38.0,159.0,52.0,,,,,
GRASP_v1,2X,IncT2X_5,10,568054228.0,51650.747,,,1593.409,1802.204,1900.0,,591.0,38.0,159.0,52.0,,,,,
GRASP_v1,2X,IncT2X_6,1,1733294784.0,83166.137,,,447.607,1801.743,1900.0,,602.0,38.0,159.0,52.0,,,,,
GRASP_v1,2X,IncT2X_6,2,93309106.0,79996.116,,,256.176,1802.02,1900.0,,604.0,38.0,159.0,52.0,,,,,
GRASP_v1,2X,IncT2X_6,3,1567087081.0,79425.657,,,360.049,1801.585,1900.0,,603.0,38.0,159.0,52.0,,,,,
GRASP_v1,2X,IncT2X_6,4,986607412.0,79940.446,,,691.142,1800.032,1900.0,,604.0,38.0,159.0,52.0,,,,,
GRASP_v1,2X,IncT2X_6,5,1151541059.0,79331.952,,,1370.196,1800.624,1900.0,,597.0,38.0,159.0,52.0,,,,,
GRASP_v1,2X,IncT2X_6,6,268062141.0,81760.497,,,405.369,1804.998,1900.0,,609.0,38.0,159.0,52.0,,,,,
GRASP_v1,2X,IncT2X_6,7,2089750183.0,70769.257,,,339.85,1804.816,1900.0,,597.0,38.0,159.0,52.0,,,,,
GRASP_v1,2X,IncT2X_6,8,1980614225.0,78622.646,,,295.157,1800.485,1900.0,,608.0,38.0,159.0,52.0,,,,,
GRASP_v1,2X,IncT2X_6,9,812896394.0,82774.903,,,1293.249,1801.959,1900.0,,595.0,38.0,159.0,52.0,,,,,
GRASP_v1,2X,IncT2X_6,10,169222133.0,75319.817,,,1455.622,1801.431,1900.0,,587.0,38.0,159.0,52.0,,,,,
GRASP_v1,2X,IncT2X_7,1,1185498233.0,24419.494,,,246.161,1801.311,1900.0,,569.0,38.0,159.0,52.0,,,,,
GRASP_v1,2X,IncT2X_7,2,629595553.0,23159.862,,,1350.426,1802.818,1900.0,,580.0,38.0,159.0,52.0,,,,,
GRASP_v1,2X,IncT2X_7,3,1781132954.0,28004.764,,,153.045,1802.912,1900.0,,567.0,38.0,159.0,52.0,,,,,
GRASP_v1,2X,IncT2X_7,4,1349993688.0,25449.216,,,635.497,1802.98,1900.0,,569.0,38.0,159.0,52.0,,,,,
GRASP_v1,2X,IncT2X_7,5,1328261054.0,24725.677,,,1331.682,1804.504,1900.0,,572.0,38.0,159.0,52.0,,,,,
GRASP_v1,2X,IncT2X_7,6,1901493144.0,24712.076,,,264.945,1801.687,1900.0,,595.0,38.0,159.0,52.0,,,,,
GRASP_v1,2X,IncT2X_7,7,1850501473.0,23626.662,,,132.837,1801.008,1900.0,,591.0,38.0,159.0,52.0,,,,,
GRASP_v1,2X,IncT2X_7,8,776605305.0,26199.78,,,73.472,1802.703,1900.0,,595.0,38.0,159.0,52.0,,,,,
GRASP_v1,2X,IncT2X_7,9,1239854304.0,24429.184,,,622.048,1802.141,1900.0,,572.0,38.0,159.0,52.0,,,,,
GRASP_v1,2X,IncT2X_7,10,412936599.0,23476.823,,,1657.781,1802.862,1900.0,,579.0,38.0,159.0,52.0,,,,,
GRASP_v1,2X,IncT2X_8,1,1513056505.0,214702.418,,,474.128,1800.764,1900.0,,715.0,38.0,159.0,52.0,,,,,
GRASP_v1,2X,IncT2X_8,2,149368554.0,205609.909,,,1567.718,1802.257,1900.0,,712.0,38.0,159.0,52.0,,,,,
GRASP_v1,2X,IncT2X_8,3,98407117.0,210483.793,,,1416.622,1801.226,1900.0,,709.0,38.0,159.0,52.0,,,,,
GRASP_v1,2X,IncT2X_8,4,1420052173.0,209369.421,,,1470.927,1800.847,1900.0,,704.0,38.0,159.0,52.0,,,,,
GRASP_v1,2X,IncT2X_8,5,489407816.0,219188.388,,,233.954,1801.375,1900.0,,708.0,38.0,159.0,52.0,,,,,
GRASP_v1,2X,IncT2X_8,6,1660151622.0,208795.475,,,1327.717,1800.282,1900.0,,699.0,38.0,159.0,52.0,,,,,
GRASP_v1,2X,IncT2X_8,7,621455911.0,198643.659,,,1056.631,1802.728,1900.0,,708.0,38.0,159.0,52.0,,,,,
GRASP_v1,2X,IncT2X_8,8,2115747111.0,218728.566,,,15.056,1801.263,1900.0,,705.0,38.0,159.0,52.0,,,,,
GRASP_v1,2X,IncT2X_8,9,171351961.0,205794.022,,,1516.086,1801.402,1900.0,,703.0,38.0,159.0,52.0,,,,,
GRASP_v1,2X,IncT2X_8,10,1836780820.0,210505.421,,,403.034,1802.316,1900.0,,709.0,38.0,159.0,52.0,,,,,
GRASP_v1,2X,IncT2X_9,1,499914621.0,28283.841,,,1298.436,1802.136,1900.0,,618.0,38.0,159.0,52.0,,,,,
GRASP_v1,2X,IncT2X_9,2,1860759514.0,26681.45,,,72.749,1800.322,1900.0,,612.0,38.0,159.0,52.0,,,,,
GRASP_v1,2X,IncT2X_9,3,216898921.0,30913.173,,,769.101,1804.759,1900.0,,626.0,38.0,159.0,52.0,,,,,
GRASP_v1,2X,IncT2X_9,4,816314860.0,29713.906,,,432.18,1801.188,1900.0,,633.0,38.0,159.0,52.0,,,,,
GRASP_v1,2X,IncT2X_9,5,596943773.0,24464.038,,,1788.92,1801.085,1900.0,,614.0,38.0,159.0,52.0,,,,,
GRASP_v1,2X,IncT2X_9,6,973691210.0,29350.203,,,100.818,1802.717,1900.0,,629.0,38.0,159.0,52.0,,,,,
GRASP_v1,2X,IncT2X_9,7,1365121944.0,34240.182,,,1579.41,1803.915,1900.0,,620.0,38.0,159.0,52.0,,,,,
GRASP_v1,2X,IncT2X_9,8,1791238512.0,30298.243,,,844.783,1801.531,1900.0,,623.0,38.0,159.0,52.0,,,,,
GRASP_v1,2X,IncT2X_9,9,783471137.0,31635.78,,,1616.147,1802.491,1900.0,,627.0,38.0,159.0,52.0,,,,,
GRASP_v1,2X,IncT2X_9,10,349297013.0,30801.981,,,604.156,1802.474,1900.0,,625.0,38.0,159.0,52.0,,,,,
GRASP_v1,3X,IncT3x_1,1,794957573.0,79152.571,,,148.822,1800.351,1900.0,,304.0,57.0,159.0,52.0,,,,,
GRASP_v1,3X,IncT3x_1,2,762938026.0,80617.385,,,963.464,1802.779,1900.0,,318.0,57.0,159.0,52.0,,,,,
GRASP_v1,3X,IncT3x_1,3,449912920.0,77478.748,,,1102.022,1807.52,1900.0,,321.0,57.0,159.0,52.0,,,,,
GRASP_v1,3X,IncT3x_1,4,1439190227.0,80260.399,,,85.023,1800.178,1900.0,,320.0,57.0,159.0,52.0,,,,,
GRASP_v1,3X,IncT3x_1,5,573330499.0,76582.67,,,3.703,1801.662,1900.0,,314.0,57.0,159.0,52.0,,,,,
GRASP_v1,3X,IncT3x_1,6,1507147648.0,74845.894,,,556.648,1800.185,1900.0,,313.0,57.0,159.0,52.0,,,,,
GRASP_v1,3X,IncT3x_1,7,2011450405.0,82614.9,,,1419.267,1808.636,1900.0,,310.0,57.0,159.0,52.0,,,,,
GRASP_v1,3X,IncT3x_1,8,1467907437.0,73160.825,,,1793.217,1802.185,1900.0,,312.0,57.0,159.0,52.0,,,,,
GRASP_v1,3X,IncT3x_1,9,1391645398.0,66534.85,,,451.941,1802.173,1900.0,,316.0,57.0,159.0,52.0,,,,,
GRASP_v1,3X,IncT3x_1,10,153335724.0,66534.182,,,1374.042,1800.429,1900.0,,315.0,57.0,159.0,52.0,,,,,
GRASP_v1,3X,IncT3x_10,1,1308098874.0,34758.797,,,504.766,1805.255,1900.0,,314.0,57.0,159.0,52.0,,,,,
GRASP_v1,3X,IncT3x_10,2,1363605490.0,38201.958,,,1416.832,1801.84,1900.0,,316.0,57.0,159.0,52.0,,,,,
GRASP_v1,3X,IncT3x_10,3,367517441.0,31331.022,,,1098.152,1805.732,1900.0,,306.0,57.0,159.0,52.0,,,,,
GRASP_v1,3X,IncT3x_10,4,1147056644.0,33357.857,,,732.476,1800.15,1900.0,,313.0,57.0,159.0,52.0,,,,,
GRASP_v1,3X,IncT3x_10,5,1565787883.0,30473.309,,,1041.44,1800.186,1900.0,,316.0,57.0,159.0,52.0,,,,,
GRASP_v1,3X,IncT3x_10,6,525727462.0,33057.519,,,939.282,1800.492,1900.0,,316.0,57.0,159.0,52.0,,,,,
GRASP_v1,3X,IncT3x_10,7,350904184.0,33418.944,,,1028.47,1806.876,1900.0,,314.0,57.0,159.0,52.0,,,,,
GRASP_v1,3X,IncT3x_10,8,992696250.0,37475.917,,,178.332,1802.52,1900.0,,311.0,57.0,159.0,52.0,,,,,
GRASP_v1,3X,IncT3x_10,9,814874364.0,29129.277,,,118.131,1800.003,1900.0,,314.0,57.0,159.0,52.0,,,,,
GRASP_v1,3X,IncT3x_10,10,579708538.0,35480.699,,,648.262,1807.04,1900.0,,318.0,57.0,159.0,52.0,,,,,
GRASP_v1,3X,IncT3x_2,1,2124985204.0,150841.591,,,1407.977,1800.483,1900.0,,352.0,57.0,159.0,52.0,,,,,
GRASP_v1,3X,IncT3x_2,2,1987262418.0,145350.29,,,544.148,1805.639,1900.0,,356.0,57.0,159.0,52.0,,,,,
GRASP_v1,3X,IncT3x_2,3,1374389013.0,137598.708,,,972.007,1801.148,1900.0,,354.0,57.0,159.0,52.0,,,,,
GRASP_v1,3X,IncT3x_2,4,1477816547.0,153117.27,,,9.81,1800.945,1900.0,,355.0,57.0,159.0,52.0,,,,,
GRASP_v1,3X,IncT3x_2,5,1196040477.0,152630.268,,,1279.711,1805.013,1900.0,,354.0,57.0,159.0,52.0,,,,,
GRASP_v1,3X,IncT3x_2,6,471619988.0,138060.806,,,1111.873,1801.791,1900.0,,357.0,57.0,159.0,52.0,,,,,
GRASP_v1,3X,IncT3x_2,7,1470197912.0,144446.908,,,103.681,1804.48,1900.0,,360.0,57.0,159.0,52.0,,,,,
GRASP_v1,3X,IncT3x_2,8,696391872.0,131213.38,,,1226.596,1800.126,1900.0,,359.0,57.0,159.0,52.0,,,,,
GRASP_v1,3X,IncT3x_2,9,1810010707.0,155019.299,,,421.399,1802.942,1900.0,,341.0,57.0,159.0,52.0,,,,,
GRASP_v1,3X,IncT3x_2,10,1649940839.0,140853.539,,,1603.793,1800.422,1900.0,,351.0,57.0,159.0,52.0,,,,,
GRASP_v1,3X,IncT3x_3,1,1666447133.0,76897.897,,,174.002,1807.229,1900.0,,318.0,57.0,159.0,52.0,,,,,
GRASP_v1,3X,IncT3x_3,2,120125831.0,73247.364,,,894.129,1800.546,1900.0,,321.0,57.0,159.0,52.0,,,,,
GRASP_v1,3X,IncT3x_3,3,491876989.0,69193.337,,,1208.075,1801.716,1900.0,,317.0,57.0,159.0,52.0,,,,,
GRASP_v1,3X,IncT3x_3,4,1764807638.0,68149.324,,,1293.407,1803.334,1900.0,,311.0,57.0,159.0,52.0,,,,,
GRASP_v1,3X,IncT3x_3,5,68934738.0,71289.805,,,1782.081,1803.09,1900.0,,318.0,57.0,159.0,52.0,,,,,
GRASP_v1,3X,IncT3x_3,6,1728822696.0,72933.603,,,687.721,1808.101,1900.0,,323.0,57.0,159.0,52.0,,,,,
GRASP_v1,3X,IncT3x_3,7,677430271.0,73374.76,,,1704.595,1803.294,1900.0,,322.0,57.0,159.0,52.0,,,,,
GRASP_v1,3X,IncT3x_3,8,861494830.0,74253.82,,,277.512,1800.932,1900.0,,323.0,57.0,159.0,52.0,,,,,
GRASP_v1,3X,IncT3x_3,9,574969168.0,74470.073,,,1650.836,1806.363,1900.0,,320.0,57.0,159.0,52.0,,,,,
GRASP_v1,3X,IncT3x_3,10,142138945.0,73504.911,,,1586.021,1804.51,1900.0,,320.0,57.0,159.0,52.0,,,,,
GRASP_v1,3X,IncT3x_4,1,453082199.0,172256.35,,,1086.505,1805.081,1900.0,,370.0,57.0,159.0,52.0,,,,,
GRASP_v1,3X,IncT3x_4,2,1960944881.0,163128.584,,,327.059,1800.15,1900.0,,371.0,57.0,159.0,52.0,,,,,
GRASP_v1,3X,IncT3x_4,3,2024883187.0,168942.111,,,567.688,1800.36,1900.0,,379.0,57.0,159.0,52.0,,,,,
GRASP_v1,3X,IncT3x_4,4,1218009888.0,171908.152,,,519.336,1800.336,1900.0,,367.0,57.0,159.0,52.0,,,,,
GRASP_v1,3X,IncT3x_4,5,1881985144.0,165643.55,,,290.803,1800.022,1900.0,,367.0,57.0,159.0,52.0,,,,,
GRASP_v1,3X,IncT3x_4,6,1541709160.0,160951.949,,,1488.055,1805.264,1900.0,,381.0,57.0,159.0,52.0,,,,,
GRASP_v1,3X,IncT3x_4,7,675765612.0,179373.597,,,432.237,1800.187,1900.0,,378.0,57.0,159.0,52.0,,,,,
GRASP_v1,3X,IncT3x_4,8,456612024.0,179476.85,,,1098.636,1802.808,1900.0,,375.0,57.0,159.0,52.0,,,,,
GRASP_v1,3X,IncT3x_4,9,1407543819.0,164986.276,,,241.72,1803.773,1900.0,,383.0,57.0,159.0,52.0,,,,,
GRASP_v1,3X,IncT3x_4,10,1072090969.0,173663.53,,,1430.702,1802.357,1900.0,,377.0,57.0,159.0,52.0,,,,,
GRASP_v1,3X,IncT3x_5,1,849613033.0,56203.784,,,412.606,1806.556,1900.0,,316.0,57.0,159.0,52.0,,,,,
GRASP_v1,3X,IncT3x_5,2,1899842599.0,68220.112,,,950.758,1802.279,1900.0,,314.0,57.0,159.0,52.0,,,,,
GRASP_v1,3X,IncT3x_5,3,1963975987.0,56074.933,,,416.039,1805.44,1900.0,,321.0,57.0,159.0,52.0,,,,,
GRASP_v1,3X,IncT3x_5,4,1380513882.0,61547.975,,,329.197,1804.67,1900.0,,315.0,57.0,159.0,52.0,,,,,
GRASP_v1,3X,IncT3x_5,5,985376853.0,64094.961,,,1241.428,1800.415,1900.0,,315.0,57.0,159.0,52.0,,,,,
GRASP_v1,3X,IncT3x_5,6,306814402.0,66908.749,,,43.06,1806.193,1900.0,,308.0,57.0,159.0,52.0,,,,,
GRASP_v1,3X,IncT3x_5,7,568825840.0,66299.368,,,90.999,1806.458,1900.0,,320.0,57.0,159.0,52.0,,,,,
GRASP_v1,3X,IncT3x_5,8,299853839.0,65664.972,,,713.495,1802.108,1900.0,,316.0,57.0,159.0,52.0,,,,,
GRASP_v1,3X,IncT3x_5,9,529628541.0,63259.241,,,1801.964,1804.858,1900.0,,318.0,57.0,159.0,52.0,,,,,
GRASP_v1,3X,IncT3x_5,10,1599851661.0,65050.599,,,511.91,1806.989,1900.0,,324.0,57.0,159.0,52.0,,,,,
GRASP_v1,3X,IncT3x_6,1,1205528894.0,95020.095,,,534.898,1806.171,1900.0,,306.0,57.0,159.0,52.0,,,,,
GRASP_v1,3X,IncT3x_6,2,1157444917.0,99480.788,,,1043.697,1802.6,1900.0,,303.0,57.0,159.0,52.0,,,,,
GRASP_v1,3X,IncT3x_6,3,564233311.0,91409.074,,,1613.612,1801.926,1900.0,,311.0,57.0,159.0,52.0,,,,,
GRASP_v1,3X,IncT3x_6,4,1604199940.0,98570.96,,,836.685,1803.001,1900.0,,317.0,57.0,159.0,52.0,,,,,
GRASP_v1,3X,IncT3x_6,5,1255388861.0,96658.306,,,1404.187,1804.486,1900.0,,315.0,57.0,159.0,52.0,,,,,
GRASP_v1,3X,IncT3x_6,6,920054628.0,95787.86,,,22.41,1800.844,1900.0,,305.0,57.0,159.0,52.0,,,,,
GRASP_v1,3X,IncT3x_6,7,1928059963.0,95536.118,,,38.832,1808.733,1900.0,,309.0,57.0,159.0,52.0,,,,,
GRASP_v1,3X,IncT3x_6,8,1253127417.0,102389.248,,,905.842,1803.659,1900.0,,312.0,57.0,159.0,52.0,,,,,
GRASP_v1,3X,IncT3x_6,9,857706060.0,94661.118,,,115.158,1803.782,1900.0,,313.0,57.0,159.0,52.0,,,,,
GRASP_v1,3X,IncT3x_6,10,777381452.0,94232.708,,,427.855,1801.099,1900.0,,312.0,57.0,159.0,52.0,,,,,
GRASP_v1,3X,IncT3x_7,1,470987741.0,37739.967,,,949.516,1801.152,1900.0,,299.0,57.0,159.0,52.0,,,,,
GRASP_v1,3X,IncT3x_7,2,2141740787.0,35668.348,,,743.081,1803.214,1900.0,,293.0,57.0,159.0,52.0,,,,,
GRASP_v1,3X,IncT3x_7,3,2142195705.0,29480.604,,,882.709,1808.009,1900.0,,293.0,57.0,159.0,52.0,,,,,
GRASP_v1,3X,IncT3x_7,4,297065155.0,33390.338,,,1750.946,1808.822,1900.0,,298.0,57.0,159.0,52.0,,,,,
GRASP_v1,3X,IncT3x_7,5,1094199381.0,39048.38,,,391.459,1802.617,1900.0,,292.0,57.0,159.0,52.0,,,,,
GRASP_v1,3X,IncT3x_7,6,1059817200.0,29147.358,,,1556.873,1800.67,1900.0,,291.0,57.0,159.0,52.0,,,,,
GRASP_v1,3X,IncT3x_7,7,195226477.0,33771.609,,,624.615,1804.239,1900.0,,292.0,57.0,159.0,52.0,,,,,
GRASP_v1,3X,IncT3x_7,8,1623029830.0,36948.991,,,1387.156,1802.388,1900.0,,289.0,57.0,159.0,52.0,,,,,
GRASP_v1,3X,IncT3x_7,9,101181643.0,36923.885,,,975.764,1800.283,1900.0,,300.0,57.0,159.0,52.0,,,,,
GRASP_v1,3X,IncT3x_7,10,1849204428.0,35726.35,,,271.349,1808.537,1900.0,,296.0,57.0,159.0,52.0,,,,,
GRASP_v1,3X,IncT3x_8,1,235469723.0,234201.396,,,3.118,1803.704,1900.0,,349.0,57.0,159.0,52.0,,,,,
GRASP_v1,3X,IncT3x_8,2,328224240.0,247860.106,,,1484.951,1806.047,1900.0,,338.0,57.0,159.0,52.0,,,,,
GRASP_v1,3X,IncT3x_8,3,1347430115.0,236579.389,,,109.895,1800.347,1900.0,,352.0,57.0,159.0,52.0,,,,,
GRASP_v1,3X,IncT3x_8,4,343558721.0,236438.001,,,852.831,1807.521,1900.0,,344.0,57.0,159.0,52.0,,,,,
GRASP_v1,3X,IncT3x_8,5,1700977479.0,234919.391,,,1743.263,1801.798,1900.0,,345.0,57.0,159.0,52.0,,,,,
GRASP_v1,3X,IncT3x_8,6,1461322283.0,227660.831,,,384.581,1806.391,1900.0,,350.0,57.0,159.0,52.0,,,,,
GRASP_v1,3X,IncT3x_8,7,906581621.0,233052.528,,,344.014,1805.314,1900.0,,344.0,57.0,159.0,52.0,,,,,
GRASP_v1,3X,IncT3x_8,8,1280778651.0,221998.122,,,1731.122,1804.242,1900.0,,352.0,57.0,159.0,52.0,,,,,
GRASP_v1,3X,IncT3x_8,9,136424713.0,231549.907,,,41.232,1803.454,1900.0,,339.0,57.0,159.0,52.0,,,,,
GRASP_v1,3X,IncT3x_8,10,826281507.0,227446.96,,,1801.71,1804.874,1900.0,,343.0,57.0,159.0,52.0,,,,,
GRASP_v1,3X,IncT3x_9,1,819521170.0,41643.491,,,882.987,1806.005,1900.0,,297.0,57.0,159.0,52.0,,,,,
GRASP_v1,3X,IncT3x_9,2,1279660645.0,41054.043,,,1310.571,1807.674,1900.0,,304.0,57.0,159.0,52.0,,,,,
GRASP_v1,3X,IncT3x_9,3,2139154381.0,43627.33,,,199.488,1802.509,1900.0,,305.0,57.0,159.0,52.0,,,,,
GRASP_v1,3X,IncT3x_9,4,1005129474.0,40829.163,,,1381.348,1802.913,1900.0,,297.0,57.0,159.0,52.0,,,,,
GRASP_v1,3X,IncT3x_9,5,1136264405.0,35667.293,,,585.411,1804.247,1900.0,,301.0,57.0,159.0,52.0,,,,,
GRASP_v1,3X,IncT3x_9,6,539907703.0,42808.817,,,527.804,1803.541,1900.0,,304.0,57.0,159.0,52.0,,,,,
GRASP_v1,3X,IncT3x_9,7,2085374941.0,38102.837,,,730.003,1804.66,1900.0,,309.0,57.0,159.0,52.0,,,,,
GRASP_v1,3X,IncT3x_9,8,1188043566.0,37406.925,,,1634.442,1806.068,1900.0,,310.0,57.0,159.0,52.0,,,,,
GRASP_v1,3X,IncT3x_9,9,1848510327.0,32288.285,,,1273.436,1808.001,1900.0,,301.0,57.0,159.0,52.0,,,,,
GRASP_v1,3X,IncT3x_9,10,2023854872.0,45781.345,,,1244.254,1800.755,1900.0,,296.0,57.0,159.0,52.0,,,,,
GRASP_v1,4X,IncT4x_1,1,24655305.0,87950.986,,,44.336,1804.064,1900.0,,199.0,76.0,159.0,52.0,,,,,
GRASP_v1,4X,IncT4x_1,2,1460897492.0,87264.744,,,987.774,1813.039,1900.0,,203.0,76.0,159.0,52.0,,,,,
GRASP_v1,4X,IncT4x_1,3,1547738333.0,100982.295,,,1254.449,1810.345,1900.0,,198.0,76.0,159.0,52.0,,,,,
GRASP_v1,4X,IncT4x_1,4,245997990.0,84859.137,,,27.196,1807.328,1900.0,,200.0,76.0,159.0,52.0,,,,,
GRASP_v1,4X,IncT4x_1,5,1463961868.0,86274.472,,,1371.49,1808.964,1900.0,,197.0,76.0,159.0,52.0,,,,,
GRASP_v1,4X,IncT4x_1,6,1900068735.0,87742.087,,,421.128,1806.645,1900.0,,196.0,76.0,159.0,52.0,,,,,
GRASP_v1,4X,IncT4x_1,7,1153135003.0,95222.592,,,29.834,1811.754,1900.0,,203.0,76.0,159.0,52.0,,,,,
GRASP_v1,4X,IncT4x_1,8,1612497801.0,87883.534,,,1669.755,1811.461,1900.0,,200.0,76.0,159.0,52.0,,,,,
GRASP_v1,4X,IncT4x_1,9,573002725.0,91949.479,,,147.405,1807.385,1900.0,,195.0,76.0,159.0,52.0,,,,,
GRASP_v1,4X,IncT4x_1,10,1650553202.0,86545.093,,,1024.863,1803.706,1900.0,,191.0,76.0,159.0,52.0,,,,,
GRASP_v1,4X,IncT4x_10,1,1376454986.0,46699.781,,,1659.627,1801.584,1900.0,,195.0,76.0,159.0,52.0,,,,,
GRASP_v1,4X,IncT4x_10,2,730521272.0,36754.107,,,458.755,1801.147,1900.0,,198.0,76.0,159.0,52.0,,,,,
GRASP_v1,4X,IncT4x_10,3,239556469.0,46208.821,,,1355.482,1800.644,1900.0,,201.0,76.0,159.0,52.0,,,,,
GRASP_v1,4X,IncT4x_10,4,630286725.0,45448.866,,,818.612,1806.816,1900.0,,201.0,76.0,159.0,52.0,,,,,
GRASP_v1,4X,IncT4x_10,5,933651278.0,44734.007,,,366.719,1811.909,1900.0,,203.0,76.0,159.0,52.0,,,,,
GRASP_v1,4X,IncT4x_10,6,339641190.0,51620.31,,,1804.083,1808.559,1900.0,,198.0,76.0,159.0,52.0,,,,,
GRASP_v1,4X,IncT4x_10,7,974364242.0,38628.44,,,763.815,1800.231,1900.0,,193.0,76.0,159.0,52.0,,,,,
GRASP_v1,4X,IncT4x_10,8,6969261.0,39551.852,,,1320.975,1802.459,1900.0,,199.0,76.0,159.0,52.0,,,,,
GRASP_v1,4X,IncT4x_10,9,2048304103.0,54231.138,,,1632.275,1806.037,1900.0,,197.0,76.0,159.0,52.0,,,,,
GRASP_v1,4X,IncT4x_10,10,1550680890.0,46851.51,,,1331.817,1806.887,1900.0,,200.0,76.0,159.0,52.0,,,,,
GRASP_v1,4X,IncT4x_2,1,1880879863.0,141085.179,,,1256.592,1808.002,1900.0,,221.0,76.0,159.0,52.0,,,,,
GRASP_v1,4X,IncT4x_2,2,1545502470.0,164114.988,,,861.676,1800.931,1900.0,,223.0,76.0,159.0,52.0,,,,,
GRASP_v1,4X,IncT4x_2,3,565623666.0,156779.776,,,1696.039,1804.312,1900.0,,221.0,76.0,159.0,52.0,,,,,
GRASP_v1,4X,IncT4x_2,4,2087113798.0,139743.24,,,1616.344,1804.073,1900.0,,220.0,76.0,159.0,52.0,,,,,
GRASP_v1,4X,IncT4x_2,5,1075000496.0,157469.876,,,224.211,1812.625,1900.0,,228.0,76.0,159.0,52.0,,,,,
GRASP_v1,4X,IncT4x_2,6,1636301368.0,164349.76,,,1540.495,1804.183,1900.0,,214.0,76.0,159.0,52.0,,,,,
GRASP_v1,4X,IncT4x_2,7,383651995.0,170401.892,,,1630.394,1800.93,1900.0,,217.0,76.0,159.0,52.0,,,,,
GRASP_v1,4X,IncT4x_2,8,1090238095.0,158672.12,,,383.578,1807.974,1900.0,,220.0,76.0,159.0,52.0,,,,,
GRASP_v1,4X,IncT4x_2,9,1959853368.0,147908.602,,,471.81,1801.307,1900.0,,217.0,76.0,159.0,52.0,,,,,
GRASP_v1,4X,IncT4x_2,10,228515503.0,138427.121,,,977.796,1806.332,1900.0,,219.0,76.0,159.0,52.0,,,,,
GRASP_v1,4X,IncT4x_3,1,1869424396.0,84297.418,,,564.872,1810.226,1900.0,,195.0,76.0,159.0,52.0,,,,,
GRASP_v1,4X,IncT4x_3,2,1342821944.0,80643.24,,,15.026,1802.225,1900.0,,196.0,76.0,159.0,52.0,,,,,
GRASP_v1,4X,IncT4x_3,3,640905301.0,87486.46,,,178.568,1800.296,1900.0,,200.0,76.0,159.0,52.0,,,,,
GRASP_v1,4X,IncT4x_3,4,1807471164.0,80220.973,,,17.708,1800.558,1900.0,,200.0,76.0,159.0,52.0,,,,,
GRASP_v1,4X,IncT4x_3,5,1372133588.0,81355.885,,,112.504,1810.332,1900.0,,195.0,76.0,159.0,52.0,,,,,
GRASP_v1,4X,IncT4x_3,6,1090197739.0,86896.018,,,66.222,1806.754,1900.0,,201.0,76.0,159.0,52.0,,,,,
GRASP_v1,4X,IncT4x_3,7,1307753572.0,82566.54,,,1273.422,1804.051,1900.0,,196.0,76.0,159.0,52.0,,,,,
GRASP_v1,4X,IncT4x_3,8,427158341.0,85434.253,,,1196.676,1807.762,1900.0,,194.0,76.0,159.0,52.0,,,,,
GRASP_v1,4X,IncT4x_3,9,328219839.0,81574.301,,,934.375,1804.853,1900.0,,195.0,76.0,159.0,52.0,,,,,
GRASP_v1,4X,IncT4x_3,10,802973879.0,80210.725,,,73.989,1808.416,1900.0,,202.0,76.0,159.0,52.0,,,,,
GRASP_v1,4X,IncT4x_4,1,1637479473.0,187400.268,,,1460.845,1808.38,1900.0,,225.0,76.0,159.0,52.0,,,,,
GRASP_v1,4X,IncT4x_4,2,346923915.0,190046.128,,,1160.585,1810.979,1900.0,,228.0,76.0,159.0,52.0,,,,,
GRASP_v1,4X,IncT4x_4,3,1158307634.0,175884.943,,,1551.004,1810.159,1900.0,,229.0,76.0,159.0,52.0,,,,,
GRASP_v1,4X,IncT4x_4,4,2047625120.0,186924.302,,,917.211,1805.628,1900.0,,227.0,76.0,159.0,52.0,,,,,
GRASP_v1,4X,IncT4x_4,5,1672087624.0,185509.768,,,1340.938,1808.697,1900.0,,230.0,76.0,159.0,52.0,,,,,
GRASP_v1,4X,IncT4x_4,6,1980912099.0,186360.822,,,234.161,1803.907,1900.0,,228.0,76.0,159.0,52.0,,,,,
GRASP_v1,4X,IncT4x_4,7,1138925840.0,179869.722,,,888.57,1807.936,1900.0,,231.0,76.0,159.0,52.0,,,,,
GRASP_v1,4X,IncT4x_4,8,1972449775.0,189422.625,,,363.033,1806.255,1900.0,,229.0,76.0,159.0,52.0,,,,,
GRASP_v1,4X,IncT4x_4,9,1228137.0,182982.288,,,1530.928,1801.615,1900.0,,228.0,76.0,159.0,52.0,,,,,
GRASP_v1,4X,IncT4x_4,10,1286223707.0,188866.472,,,1159.498,1802.803,1900.0,,224.0,76.0,159.0,52.0,,,,,
GRASP_v1,4X,IncT4x_5,1,696119838.0,75402.101,,,795.79,1812.587,1900.0,,207.0,76.0,159.0,52.0,,,,,
GRASP_v1,4X,IncT4x_5,2,1049272771.0,76904.286,,,626.764,1808.974,1900.0,,206.0,76.0,159.0,52.0,,,,,
GRASP_v1,4X,IncT4x_5,3,41825986.0,65546.131,,,116.917,1803.213,1900.0,,202.0,76.0,159.0,52.0,,,,,
GRASP_v1,4X,IncT4x_5,4,240234110.0,82431.189,,,68.438,1801.732,1900.0,,202.0,76.0,159.0,52.0,,,,,
GRASP_v1,4X,IncT4x_5,5,1995224089.0,72235.525,,,233.283,1803.399,1900.0,,203.0,76.0,159.0,52.0,,,,,
GRASP_v1,4X,IncT4x_5,6,779495259.0,67741.541,,,1316.756,1807.507,1900.0,,202.0,76.0,159.0,52.0,,,,,
GRASP_v1,4X,IncT4x_5,7,1887040857.0,72732.88,,,617.11,1809.445,1900.0,,206.0,76.0,159.0,52.0,,,,,
GRASP_v1,4X,IncT4x_5,8,2115961542.0,79637.591,,,1172.544,1813.056,1900.0,,205.0,76.0,159.0,52.0,,,,,
GRASP_v1,4X,IncT4x_5,9,1785988125.0,76462.203,,,1568.369,1800.859,1900.0,,199.0,76.0,159.0,52.0,,,,,
GRASP_v1,4X,IncT4x_5,10,1732535703.0,78275.365,,,30.353,1806.882,1900.0,,199.0,76.0,159.0,52.0,,,,,
GRASP_v1,4X,IncT4x_6,1,660381568.0,104184.261,,,71.979,1809.02,1900.0,,197.0,76.0,159.0,52.0,,,,,
GRASP_v1,4X,IncT4x_6,2,514219932.0,105704.01,,,1685.016,1802.994,1900.0,,191.0,76.0,159.0,52.0,,,,,
GRASP_v1,4X,IncT4x_6,3,124393358.0,115341.902,,,454.015,1802.271,1900.0,,187.0,76.0,159.0,52.0,,,,,
GRASP_v1,4X,IncT4x_6,4,517267797.0,105084.554,,,541.247,1802.068,1900.0,,184.0,76.0,159.0,52.0,,,,,
GRASP_v1,4X,IncT4x_6,5,1885511261.0,108224.762,,,1066.058,1809.18,1900.0,,195.0,76.0,159.0,52.0,,,,,
GRASP_v1,4X,IncT4x_6,6,1218389746.0,105694.73,,,313.584,1811.047,1900.0,,194.0,76.0,159.0,52.0,,,,,
GRASP_v1,4X,IncT4x_6,7,2033558460.0,114146.878,,,845.108,1806.89,1900.0,,194.0,76.0,159.0,52.0,,,,,
GRASP_v1,4X,IncT4x_6,8,169129476.0,108501.428,,,602.911,1802.648,1900.0,,190.0,76.0,159.0,52.0,,,,,
GRASP_v1,4X,IncT4x_6,9,183939381.0,106432.245,,,92.764,1807.436,1900.0,,197.0,76.0,159.0,52.0,,,,,
GRASP_v1,4X,IncT4x_6,10,1571759592.0,93470.445,,,1104.609,1806.821,1900.0,,193.0,76.0,159.0,52.0,,,,,
GRASP_v1,4X,IncT4x_7,1,1043656561.0,49082.546,,,476.453,1807.77,1900.0,,188.0,76.0,159.0,52.0,,,,,
GRASP_v1,4X,IncT4x_7,2,1752396593.0,45736.279,,,91.207,1806.907,1900.0,,186.0,76.0,159.0,52.0,,,,,
GRASP_v1,4X,IncT4x_7,3,148632741.0,44646.764,,,1491.222,1814.077,1900.0,,187.0,76.0,159.0,52.0,,,,,
GRASP_v1,4X,IncT4x_7,4,2100205697.0,49848.496,,,465.57,1805.209,1900.0,,185.0,76.0,159.0,52.0,,,,,
GRASP_v1,4X,IncT4x_7,5,1633380707.0,41266.603,,,644.915,1808.01,1900.0,,191.0,76.0,159.0,52.0,,,,,
GRASP_v1,4X,IncT4x_7,6,1143977780.0,37988.441,,,338.8,1808.583,1900.0,,191.0,76.0,159.0,52.0,,,,,
GRASP_v1,4X,IncT4x_7,7,1644616923.0,40058.045,,,717.251,1809.231,1900.0,,183.0,76.0,159.0,52.0,,,,,
GRASP_v1,4X,IncT4x_7,8,270068649.0,45048.12,,,1442.33,1803.22,1900.0,,190.0,76.0,159.0,52.0,,,,,
GRASP_v1,4X,IncT4x_7,9,275718575.0,51659.03,,,540.532,1805.874,1900.0,,185.0,76.0,159.0,52.0,,,,,
GRASP_v1,4X,IncT4x_7,10,1416804103.0,43080.108,,,1199.18,1801.337,1900.0,,186.0,76.0,159.0,52.0,,,,,
GRASP_v1,4X,IncT4x_8,1,1020661136.0,245359.812,,,63.737,1808.237,1900.0,,210.0,76.0,159.0,52.0,,,,,
GRASP_v1,4X,IncT4x_8,2,2033342055.0,247427.321,,,1174.725,1804.015,1900.0,,210.0,76.0,159.0,52.0,,,,,
GRASP_v1,4X,IncT4x_8,3,1180694233.0,220622.768,,,565.388,1804.84,1900.0,,203.0,76.0,159.0,52.0,,,,,
GRASP_v1,4X,IncT4x_8,4,354607446.0,254260.717,,,1783.102,1803.368,1900.0,,215.0,76.0,159.0,52.0,,,,,
GRASP_v1,4X,IncT4x_8,5,569204770.0,243761.508,,,1237.648,1810.992,1900.0,,210.0,76.0,159.0,52.0,,,,,
GRASP_v1,4X,IncT4x_8,6,1133170818.0,247776.269,,,1590.509,1801.781,1900.0,,212.0,76.0,159.0,52.0,,,,,
GRASP_v1,4X,IncT4x_8,7,1873535694.0,247191.937,,,781.848,1810.185,1900.0,,211.0,76.0,159.0,52.0,,,,,
GRASP_v1,4X,IncT4x_8,8,1302650516.0,257376.794,,,1663.694,1807.138,1900.0,,212.0,76.0,159.0,52.0,,,,,
GRASP_v1,4X,IncT4x_8,9,908681808.0,252935.358,,,1358.261,1806.057,1900.0,,217.0,76.0,159.0,52.0,,,,,
GRASP_v1,4X,IncT4x_8,10,2070953569.0,257807.982,,,932.987,1808.59,1900.0,,208.0,76.0,159.0,52.0,,,,,
GRASP_v1,4X,IncT4x_9,1,454833169.0,52741.405,,,1575.206,1804.491,1900.0,,190.0,76.0,159.0,52.0,,,,,
GRASP_v1,4X,IncT4x_9,2,1994826544.0,52893.314,,,1583.128,1805.282,1900.0,,185.0,76.0,159.0,52.0,,,,,
GRASP_v1,4X,IncT4x_9,3,1158129534.0,46549.061,,,876.67,1820.749,1900.0,,189.0,76.0,159.0,52.0,,,,,
GRASP_v1,4X,IncT4x_9,4,1621919658.0,48419.854,,,1337.414,1809.001,1900.0,,187.0,76.0,159.0,52.0,,,,,
GRASP_v1,4X,IncT4x_9,5,1567515030.0,51656.435,,,640.917,1809.7,1900.0,,191.0,76.0,159.0,52.0,,,,,
GRASP_v1,4X,IncT4x_9,6,1481479471.0,48941.959,,,1515.326,1809.539,1900.0,,184.0,76.0,159.0,52.0,,,,,
GRASP_v1,4X,IncT4x_9,7,431968624.0,53926.487,,,1489.673,1818.414,1900.0,,187.0,76.0,159.0,52.0,,,,,
GRASP_v1,4X,IncT4x_9,8,1531046260.0,51748.573,,,193.511,1804.897,1900.0,,187.0,76.0,159.0,52.0,,,,,
GRASP_v1,4X,IncT4x_9,9,669405646.0,49756.048,,,793.866,1809.553,1900.0,,192.0,76.0,159.0,52.0,,,,,
GRASP_v1,4X,IncT4x_9,10,856829438.0,47946.088,,,862.248,1808.984,1900.0,,190.0,76.0,159.0,52.0,,,,,
GRASP_v1,5X,IncT5x_1,1,2137066976.0,99053.951,,,337.416,1801.315,1900.0,,140.0,95.0,159.0,52.0,,,,,
GRASP_v1,5X,IncT5x_1,2,1442436765.0,107628.59,,,355.079,1814.25,1900.0,,145.0,95.0,159.0,52.0,,,,,
GRASP_v1,5X,IncT5x_1,3,1395602504.0,100788.051,,,509.227,1804.978,1900.0,,139.0,95.0,159.0,52.0,,,,,
GRASP_v1,5X,IncT5x_1,4,801914425.0,99394.233,,,1093.697,1809.635,1900.0,,139.0,95.0,159.0,52.0,,,,,
GRASP_v1,5X,IncT5x_1,5,940812753.0,94491.213,,,337.355,1801.43,1900.0,,138.0,95.0,159.0,52.0,,,,,
GRASP_v1,5X,IncT5x_1,6,1931906534.0,85971.92,,,1596.494,1811.713,1900.0,,138.0,95.0,159.0,52.0,,,,,
GRASP_v1,5X,IncT5x_1,7,1111485659.0,101137.883,,,444.983,1813.599,1900.0,,132.0,95.0,159.0,52.0,,,,,
GRASP_v1,5X,IncT5x_1,8,969559112.0,107254.688,,,514.026,1805.449,1900.0,,141.0,95.0,159.0,52.0,,,,,
GRASP_v1,5X,IncT5x_1,9,259854540.0,105669.194,,,99.234,1813.634,1900.0,,140.0,95.0,159.0,52.0,,,,,
GRASP_v1,5X,IncT5x_1,10,532373263.0,108561.203,,,222.412,1815.341,1900.0,,144.0,95.0,159.0,52.0,,,,,
GRASP_v1,5X,IncT5x_10,1,482533864.0,59402.567,,,198.353,1811.498,1900.0,,143.0,95.0,159.0,52.0,,,,,
GRASP_v1,5X,IncT5x_10,2,137494575.0,50259.398,,,1707.901,1807.028,1900.0,,133.0,95.0,159.0,52.0,,,,,
GRASP_v1,5X,IncT5x_10,3,726033230.0,55000.689,,,243.996,1813.849,1900.0,,141.0,95.0,159.0,52.0,,,,,
GRASP_v1,5X,IncT5x_10,4,45170733.0,53727.385,,,256.012,1811.514,1900.0,,139.0,95.0,159.0,52.0,,,,,
GRASP_v1,5X,IncT5x_10,5,1263383346.0,54579.404,,,63.033,1800.009,1900.0,,133.0,95.0,159.0,52.0,,,,,
GRASP_v1,5X,IncT5x_10,6,1189537410.0,54312.283,,,34.769,1802.774,1900.0,,138.0,95.0,159.0,52.0,,,,,
GRASP_v1,5X,IncT5x_10,7,494167626.0,62930.766,,,1804.379,1816.559,1900.0,,141.0,95.0,159.0,52.0,,,,,
GRASP_v1,5X,IncT5x_10,8,1263665530.0,60390.517,,,149.216,1809.551,1900.0,,131.0,95.0,159.0,52.0,,,,,
GRASP_v1,5X,IncT5x_10,9,472913244.0,59350.27,,,681.58,1811.999,1900.0,,137.0,95.0,159.0,52.0,,,,,
GRASP_v1,5X,IncT5x_10,10,15442220.0,63231.386,,,1604.603,1808.657,1900.0,,138.0,95.0,159.0,52.0,,,,,
GRASP_v1,5X,IncT5x_2,1,152456492.0,179940.673,,,462.404,1815.324,1900.0,,154.0,95.0,159.0,52.0,,,,,
GRASP_v1,5X,IncT5x_2,2,1520076856.0,174977.546,,,1178.845,1800.282,1900.0,,157.0,95.0,159.0,52.0,,,,,
GRASP_v1,5X,IncT5x_2,3,1355283292.0,177780.661,,,453.28,1813.604,1900.0,,154.0,95.0,159.0,52.0,,,,,
GRASP_v1,5X,IncT5x_2,4,126430449.0,185349.479,,,559.038,1810.322,1900.0,,155.0,95.0,159.0,52.0,,,,,
GRASP_v1,5X,IncT5x_2,5,491648747.0,183428.716,,,370.661,1803.075,1900.0,,152.0,95.0,159.0,52.0,,,,,
GRASP_v1,5X,IncT5x_2,6,144741092.0,186540.025,,,251.076,1812.325,1900.0,,153.0,95.0,159.0,52.0,,,,,
GRASP_v1,5X,IncT5x_2,7,1944374676.0,192088.069,,,8.695,1812.668,1900.0,,157.0,95.0,159.0,52.0,,,,,
GRASP_v1,5X,IncT5x_2,8,67458814.0,171441.287,,,1794.702,1806.099,1900.0,,156.0,95.0,159.0,52.0,,,,,
GRASP_v1,5X,IncT5x_2,9,1846052961.0,185332.11,,,903.701,1806.377,1900.0,,153.0,95.0,159.0,52.0,,,,,
GRASP_v1,5X,IncT5x_2,10,709589791.0,185307.423,,,161.728,1808.027,1900.0,,157.0,95.0,159.0,52.0,,,,,
GRASP_v1,5X,IncT5x_3,1,152165002.0,98440.885,,,870.035,1803.536,1900.0,,140.0,95.0,159.0,52.0,,,,,
GRASP_v1,5X,IncT5x_3,2,1104141865.0,96625.723,,,1122.208,1805.879,1900.0,,140.0,95.0,159.0,52.0,,,,,
GRASP_v1,5X,IncT5x_3,3,511111063.0,96927.37,,,1551.138,1812.715,1900.0,,143.0,95.0,159.0,52.0,,,,,
GRASP_v1,5X,IncT5x_3,4,598025374.0,89439.402,,,1128.493,1817.226,1900.0,,137.0,95.0,159.0,52.0,,,,,
GRASP_v1,5X,IncT5x_3,5,1436618836.0,104196.425,,,926.209,1813.887,1900.0,,137.0,95.0,159.0,52.0,,,,,
GRASP_v1,5X,IncT5x_3,6,1042419700.0,97736.214,,,73.738,1806.069,1900.0,,140.0,95.0,159.0,52.0,,,,,
GRASP_v1,5X,IncT5x_3,7,460070046.0,95377.134,,,1141.409,1804.779,1900.0,,136.0,95.0,159.0,52.0,,,,,
GRASP_v1,5X,IncT5x_3,8,1157996058.0,94459.108,,,586.512,1807.221,1900.0,,137.0,95.0,159.0,52.0,,,,,
GRASP_v1,5X,IncT5x_3,9,284137528.0,94138.348,,,126.363,1800.899,1900.0,,137.0,95.0,159.0,52.0,,,,,
GRASP_v1,5X,IncT5x_3,10,1553387798.0,87932.083,,,494.16,1810.475,1900.0,,141.0,95.0,159.0,52.0,,,,,
GRASP_v1,5X,IncT5x_4,1,2009001532.0,192542.175,,,35.718,1804.109,1900.0,,156.0,95.0,159.0,52.0,,,,,
GRASP_v1,5X,IncT5x_4,2,1894903218.0,204032.461,,,988.108,1810.17,1900.0,,159.0,95.0,159.0,52.0,,,,,
GRASP_v1,5X,IncT5x_4,3,1226305710.0,195016.091,,,45.929,1814.432,1900.0,,162.0,95.0,159.0,52.0,,,,,
GRASP_v1,5X,IncT5x_4,4,1237405090.0,190255.088,,,464.297,1810.396,1900.0,,157.0,95.0,159.0,52.0,,,,,
GRASP_v1,5X,IncT5x_4,5,1015053309.0,201644.73,,,1200.341,1808.571,1900.0,,162.0,95.0,159.0,52.0,,,,,
GRASP_v1,5X,IncT5x_4,6,521832597.0,181417.469,,,568.094,1818.534,1900.0,,161.0,95.0,159.0,52.0,,,,,
GRASP_v1,5X,IncT5x_4,7,1684957392.0,202569.55,,,508.026,1807.416,1900.0,,160.0,95.0,159.0,52.0,,,,,
GRASP_v1,5X,IncT5x_4,8,1015701649.0,197513.411,,,136.446,1800.514,1900.0,,158.0,95.0,159.0,52.0,,,,,
GRASP_v1,5X,IncT5x_4,9,1734086607.0,181491.396,,,1591.256,1812.689,1900.0,,161.0,95.0,159.0,52.0,,,,,
GRASP_v1,5X,IncT5x_4,10,874154618.0,204419.165,,,140.373,1801.606,1900.0,,153.0,95.0,159.0,52.0,,,,,
GRASP_v1,5X,IncT5x_5,1,408902192.0,74360.247,,,255.595,1825.117,1900.0,,142.0,95.0,159.0,52.0,,,,,
GRASP_v1,5X,IncT5x_5,2,202563115.0,87164.401,,,961.99,1813.001,1900.0,,142.0,95.0,159.0,52.0,,,,,
GRASP_v1,5X,IncT5x_5,3,208157334.0,91767.323,,,362.093,1819.16,1900.0,,140.0,95.0,159.0,52.0,,,,,
GRASP_v1,5X,IncT5x_5,4,1415154686.0,90480.268,,,128.916,1812.259,1900.0,,140.0,95.0,159.0,52.0,,,,,
GRASP_v1,5X,IncT5x_5,5,925675370.0,85312.075,,,173.497,1808.107,1900.0,,138.0,95.0,159.0,52.0,,,,,
GRASP_v1,5X,IncT5x_5,6,760848240.0,77530.422,,,813.027,1802.355,1900.0,,143.0,95.0,159.0,52.0,,,,,
GRASP_v1,5X,IncT5x_5,7,909628169.0,71430.749,,,1179.727,1808.558,1900.0,,147.0,95.0,159.0,52.0,,,,,
GRASP_v1,5X,IncT5x_5,8,882835423.0,83091.051,,,494.061,1802.633,1900.0,,146.0,95.0,159.0,52.0,,,,,
GRASP_v1,5X,IncT5x_5,9,1002927834.0,81883.174,,,109.362,1812.175,1900.0,,141.0,95.0,159.0,52.0,,,,,
GRASP_v1,5X,IncT5x_5,10,1855075287.0,82250.291,,,1619.285,1804.12,1900.0,,137.0,95.0,159.0,52.0,,,,,
GRASP_v1,5X,IncT5x_6,1,1565678478.0,117897.533,,,844.833,1803.982,1900.0,,132.0,95.0,159.0,52.0,,,,,
GRASP_v1,5X,IncT5x_6,2,116331732.0,113286.731,,,822.415,1805.01,1900.0,,133.0,95.0,159.0,52.0,,,,,
GRASP_v1,5X,IncT5x_6,3,1446039346.0,111406.918,,,872.053,1809.771,1900.0,,134.0,95.0,159.0,52.0,,,,,
GRASP_v1,5X,IncT5x_6,4,1403284968.0,120005.673,,,243.658,1808.142,1900.0,,139.0,95.0,159.0,52.0,,,,,
GRASP_v1,5X,IncT5x_6,5,2113478697.0,117208.024,,,314.869,1809.09,1900.0,,134.0,95.0,159.0,52.0,,,,,
GRASP_v1,5X,IncT5x_6,6,1387660449.0,123851.001,,,196.882,1817.531,1900.0,,138.0,95.0,159.0,52.0,,,,,
GRASP_v1,5X,IncT5x_6,7,211350776.0,106434.55,,,1102.536,1816.998,1900.0,,133.0,95.0,159.0,52.0,,,,,
GRASP_v1,5X,IncT5x_6,8,130164728.0,110731.597,,,1199.905,1805.888,1900.0,,130.0,95.0,159.0,52.0,,,,,
GRASP_v1,5X,IncT5x_6,9,864622622.0,117340.583,,,1771.882,1817.647,1900.0,,136.0,95.0,159.0,52.0,,,,,
GRASP_v1,5X,IncT5x_6,10,1563826774.0,127176.985,,,827.625,1820.356,1900.0,,138.0,95.0,159.0,52.0,,,,,
GRASP_v1,5X,IncT5x_7,1,728646788.0,56593.135,,,718.084,1811.676,1900.0,,132.0,95.0,159.0,52.0,,,,,
GRASP_v1,5X,IncT5x_7,2,1719259321.0,52963.084,,,1053.75,1807.995,1900.0,,131.0,95.0,159.0,52.0,,,,,
GRASP_v1,5X,IncT5x_7,3,1850427696.0,54685.911,,,285.256,1815.573,1900.0,,132.0,95.0,159.0,52.0,,,,,
GRASP_v1,5X,IncT5x_7,4,234653460.0,57988.14,,,1447.602,1809.526,1900.0,,129.0,95.0,159.0,52.0,,,,,
GRASP_v1,5X,IncT5x_7,5,533985411.0,50024.776,,,1335.939,1815.892,1900.0,,134.0,95.0,159.0,52.0,,,,,
GRASP_v1,5X,IncT5x_7,6,411436545.0,60794.858,,,671.193,1819.252,1900.0,,134.0,95.0,159.0,52.0,,,,,
GRASP_v1,5X,IncT5x_7,7,408470520.0,60007.776,,,1007.424,1800.43,1900.0,,133.0,95.0,159.0,52.0,,,,,
GRASP_v1,5X,IncT5x_7,8,1151664883.0,59493.887,,,1499.656,1803.069,1900.0,,133.0,95.0,159.0,52.0,,,,,
GRASP_v1,5X,IncT5x_7,9,963390271.0,55314.959,,,1452.908,1812.113,1900.0,,134.0,95.0,159.0,52.0,,,,,
GRASP_v1,5X,IncT5x_7,10,301039195.0,59676.049,,,799.075,1803.529,1900.0,,132.0,95.0,159.0,52.0,,,,,
GRASP_v1,5X,IncT5x_8,1,905983921.0,267004.42,,,485.848,1800.448,1900.0,,141.0,95.0,159.0,52.0,,,,,
GRASP_v1,5X,IncT5x_8,2,394037564.0,260316.235,,,49.797,1805.875,1900.0,,142.0,95.0,159.0,52.0,,,,,
GRASP_v1,5X,IncT5x_8,3,598171149.0,260806.898,,,951.593,1807.712,1900.0,,145.0,95.0,159.0,52.0,,,,,
GRASP_v1,5X,IncT5x_8,4,993486219.0,270964.806,,,1527.957,1819.246,1900.0,,149.0,95.0,159.0,52.0,,,,,
GRASP_v1,5X,IncT5x_8,5,536455264.0,266571.934,,,752.453,1812.736,1900.0,,147.0,95.0,159.0,52.0,,,,,
GRASP_v1,5X,IncT5x_8,6,1877944288.0,259560.187,,,477.462,1807.571,1900.0,,147.0,95.0,159.0,52.0,,,,,
GRASP_v1,5X,IncT5x_8,7,1982697791.0,272785.766,,,1750.397,1802.92,1900.0,,146.0,95.0,159.0,52.0,,,,,
GRASP_v1,5X,IncT5x_8,8,161887818.0,270532.144,,,102.77,1808.001,1900.0,,148.0,95.0,159.0,52.0,,,,,
GRASP_v1,5X,IncT5x_8,9,951616027.0,266240.698,,,237.943,1803.97,1900.0,,147.0,95.0,159.0,52.0,,,,,
GRASP_v1,5X,IncT5x_8,10,1735214558.0,253991.037,,,1278.89,1809.917,1900.0,,147.0,95.0,159.0,52.0,,,,,
GRASP_v1,5X,IncT5x_9,1,1849733108.0,61072.17,,,1216.608,1803.804,1900.0,,140.0,95.0,159.0,52.0,,,,,
GRASP_v1,5X,IncT5x_9,2,1838174904.0,66322.294,,,125.661,1803.091,1900.0,,132.0,95.0,159.0,52.0,,,,,
GRASP_v1,5X,IncT5x_9,3,1181814610.0,65844.68,,,739.972,1811.872,1900.0,,129.0,95.0,159.0,52.0,,,,,
GRASP_v1,5X,IncT5x_9,4,210257395.0,56782.467,,,595.568,1801.143,1900.0,,134.0,95.0,159.0,52.0,,,,,
GRASP_v1,5X,IncT5x_9,5,108637613.0,58452.396,,,1174.548,1811.787,1900.0,,136.0,95.0,159.0,52.0,,,,,
GRASP_v1,5X,IncT5x_9,6,1400470493.0,68107.67,,,263.667,1810.769,1900.0,,134.0,95.0,159.0,52.0,,,,,
GRASP_v1,5X,IncT5x_9,7,2145942763.0,54351.447,,,529.869,1803.413,1900.0,,130.0,95.0,159.0,52.0,,,,,
GRASP_v1,5X,IncT5x_9,8,1160903745.0,68581.26,,,204.723,1803.628,1900.0,,137.0,95.0,159.0,52.0,,,,,
GRASP_v1,5X,IncT5x_9,9,1795355577.0,57377.754,,,504.424,1810.29,1900.0,,133.0,95.0,159.0,52.0,,,,,
GRASP_v1,5X,IncT5x_9,10,31692245.0,56213.873,,,190.79,1804.82,1900.0,,138.0,95.0,159.0,52.0,,,,,
GRASP_v1,Real,Ale_1,1,2080903618.0,100369.184,,,114.122,1800.545,1900.0,,1472.0,25.0,160.0,52.0,,,,,
GRASP_v1,Real,Ale_1,2,200280284.0,93422.649,,,468.018,1800.425,1900.0,,1478.0,25.0,160.0,52.0,,,,,
GRASP_v1,Real,Ale_1,3,1989357941.0,102221.879,,,1163.627,1800.207,1900.0,,1472.0,25.0,160.0,52.0,,,,,
GRASP_v1,Real,Ale_1,4,1618269593.0,100985.019,,,550.936,1800.783,1900.0,,1462.0,25.0,160.0,52.0,,,,,
GRASP_v1,Real,Ale_1,5,1822560211.0,96788.019,,,912.963,1800.532,1900.0,,1459.0,25.0,160.0,52.0,,,,,
GRASP_v1,Real,Ale_1,6,507621089.0,98103.929,,,1438.778,1801.825,1900.0,,1504.0,25.0,160.0,52.0,,,,,
GRASP_v1,Real,Ale_1,7,357150386.0,99808.929,,,1542.404,1800.851,1900.0,,1504.0,25.0,160.0,52.0,,,,,
GRASP_v1,Real,Ale_1,8,872767550.0,98571.889,,,78.099,1800.928,1900.0,,1476.0,25.0,160.0,52.0,,,,,
GRASP_v1,Real,Ale_1,9,1042906380.0,104913.094,,,727.711,1800.234,1900.0,,1482.0,25.0,160.0,52.0,,,,,
GRASP_v1,Real,Ale_1,10,1033709344.0,98411.874,,,400.358,1801.015,1900.0,,1495.0,25.0,160.0,52.0,,,,,
GRASP_v1,Real,Ale_10,1,459018817.0,9316.123,,,323.578,1800.606,1900.0,,2489.0,19.0,159.0,52.0,,,,,
GRASP_v1,Real,Ale_10,2,1856822585.0,9226.514,,,534.278,1800.341,1900.0,,2515.0,19.0,159.0,52.0,,,,,
GRASP_v1,Real,Ale_10,3,861227459.0,9587.697,,,49.429,1800.992,1900.0,,2490.0,19.0,159.0,52.0,,,,,
GRASP_v1,Real,Ale_10,4,1937981307.0,8804.738,,,463.887,1800.352,1900.0,,2475.0,19.0,159.0,52.0,,,,,
GRASP_v1,Real,Ale_10,5,125918569.0,8088.745,,,88.47,1800.791,1900.0,,2527.0,19.0,159.0,52.0,,,,,
GRASP_v1,Real,Ale_10,6,353555525.0,8722.663,,,1573.826,1800.262,1900.0,,2465.0,19.0,159.0,52.0,,,,,
GRASP_v1,Real,Ale_10,7,813838578.0,8096.319,,,941.467,1800.584,1900.0,,2441.0,19.0,159.0,52.0,,,,,
GRASP_v1,Real,Ale_10,8,4628628.0,8868.913,,,579.1,1800.265,1900.0,,2460.0,19.0,159.0,52.0,,,,,
GRASP_v1,Real,Ale_10,9,2115934629.0,7422.331,,,729.86,1800.564,1900.0,,2515.0,19.0,159.0,52.0,,,,,
GRASP_v1,Real,Ale_10,10,838424339.0,7869.308,,,283.43,1800.465,1900.0,,2462.0,19.0,159.0,52.0,,,,,
GRASP_v1,Real,Ale_2,1,569519231.0,95744.85,,,356.336,1800.706,1900.0,,2780.0,19.0,159.0,52.0,,,,,
GRASP_v1,Real,Ale_2,2,1989682408.0,91959.915,,,1720.304,1800.635,1900.0,,2766.0,19.0,159.0,52.0,,,,,
GRASP_v1,Real,Ale_2,3,1683778788.0,93963.211,,,37.774,1800.007,1900.0,,2789.0,19.0,159.0,52.0,,,,,
GRASP_v1,Real,Ale_2,4,1686052455.0,94752.048,,,488.411,1800.124,1900.0,,2786.0,19.0,159.0,52.0,,,,,
GRASP_v1,Real,Ale_2,5,977123038.0,96981.692,,,797.285,1800.277,1900.0,,2804.0,19.0,159.0,52.0,,,,,
GRASP_v1,Real,Ale_2,6,612568058.0,96732.34,,,132.385,1800.69,1900.0,,2797.0,19.0,159.0,52.0,,,,,
GRASP_v1,Real,Ale_2,7,908401654.0,90410.515,,,443.559,1800.166,1900.0,,2759.0,19.0,159.0,52.0,,,,,
GRASP_v1,Real,Ale_2,8,1495918861.0,93379.583,,,1514.785,1800.142,1900.0,,2750.0,19.0,159.0,52.0,,,,,
GRASP_v1,Real,Ale_2,9,2055823970.0,95485.911,,,1282.142,1800.441,1900.0,,2735.0,19.0,159.0,52.0,,,,,
GRASP_v1,Real,Ale_2,10,1568748220.0,94250.4,,,526.296,1800.345,1900.0,,2754.0,19.0,159.0,52.0,,,,,
GRASP_v1,Real,Ale_3,1,2137653951.0,47167.156,,,1005.542,1800.63,1900.0,,2499.0,19.0,159.0,52.0,,,,,
GRASP_v1,Real,Ale_3,2,1682256072.0,45146.192,,,1188.886,1800.366,1900.0,,2484.0,19.0,159.0,52.0,,,,,
GRASP_v1,Real,Ale_3,3,1193503387.0,47606.16,,,133.072,1800.642,1900.0,,2519.0,19.0,159.0,52.0,,,,,
GRASP_v1,Real,Ale_3,4,1421357809.0,45276.849,,,639.887,1800.648,1900.0,,2551.0,19.0,159.0,52.0,,,,,
GRASP_v1,Real,Ale_3,5,1542770022.0,44164.765,,,1345.301,1800.694,1900.0,,2473.0,19.0,159.0,52.0,,,,,
GRASP_v1,Real,Ale_3,6,1045118909.0,44863.39,,,1632.672,1800.621,1900.0,,2479.0,19.0,159.0,52.0,,,,,
GRASP_v1,Real,Ale_3,7,332423660.0,45729.014,,,682.979,1800.731,1900.0,,2475.0,19.0,159.0,52.0,,,,,
GRASP_v1,Real,Ale_3,8,407802567.0,47309.635,,,56.604,1800.428,1900.0,,2557.0,19.0,159.0,52.0,,,,,
GRASP_v1,Real,Ale_3,9,637175210.0,46210.415,,,647.932,1800.561,1900.0,,2508.0,19.0,159.0,52.0,,,,,
GRASP_v1,Real,Ale_3,10,467509111.0,48006.074,,,1143.021,1800.5,1900.0,,2550.0,19.0,159.0,52.0,,,,,
GRASP_v1,Real,Ale_4,1,2080287524.0,132672.478,,,530.619,1800.124,1900.0,,3342.0,19.0,159.0,52.0,,,,,
GRASP_v1,Real,Ale_4,2,125591916.0,133098.261,,,395.09,1800.092,1900.0,,3359.0,19.0,159.0,52.0,,,,,
GRASP_v1,Real,Ale_4,3,1243780193.0,129960.188,,,1513.019,1800.142,1900.0,,3337.0,19.0,159.0,52.0,,,,,
GRASP_v1,Real,Ale_4,4,1579983555.0,132399.57,,,882.162,1800.382,1900.0,,3358.0,19.0,159.0,52.0,,,,,
GRASP_v1,Real,Ale_4,5,1164355337.0,131515.412,,,661.713,1800.449,1900.0,,3321.0,19.0,159.0,52.0,,,,,
GRASP_v1,Real,Ale_4,6,130905382.0,131411.122,,,548.821,1800.522,1900.0,,3316.0,19.0,159.0,52.0,,,,,
GRASP_v1,Real,Ale_4,7,1606265294.0,131445.825,,,948.349,1800.786,1900.0,,3345.0,19.0,159.0,52.0,,,,,
GRASP_v1,Real,Ale_4,8,673461214.0,131984.987,,,1661.826,1800.514,1900.0,,3382.0,19.0,159.0,52.0,,,,,
GRASP_v1,Real,Ale_4,9,122761494.0,131952.305,,,1558.178,1800.468,1900.0,,3323.0,19.0,159.0,52.0,,,,,
GRASP_v1,Real,Ale_4,10,107679842.0,132922.025,,,113.609,1800.452,1900.0,,3313.0,19.0,159.0,52.0,,,,,
GRASP_v1,Real,Ale_5,1,1254511838.0,35281.377,,,301.834,1800.045,1900.0,,2443.0,19.0,159.0,52.0,,,,,
GRASP_v1,Real,Ale_5,2,1023895542.0,37821.446,,,377.228,1800.295,1900.0,,2425.0,19.0,159.0,52.0,,,,,
GRASP_v1,Real,Ale_5,3,1079862963.0,36077.306,,,483.082,1800.06,1900.0,,2446.0,19.0,159.0,52.0,,,,,
GRASP_v1,Real,Ale_5,4,1974368820.0,36952.423,,,572.382,1800.968,1900.0,,2427.0,19.0,159.0,52.0,,,,,
GRASP_v1,Real,Ale_5,5,1831202022.0,37655.967,,,736.807,1800.933,1900.0,,2425.0,19.0,159.0,52.0,,,,,
GRASP_v1,Real,Ale_5,6,1140584702.0,37657.843,,,1489.035,1800.091,1900.0,,2445.0,19.0,159.0,52.0,,,,,
GRASP_v1,Real,Ale_5,7,338084211.0,34805.595,,,351.542,1800.005,1900.0,,2416.0,19.0,159.0,52.0,,,,,
GRASP_v1,Real,Ale_5,8,122147953.0,33930.516,,,1437.189,1800.602,1900.0,,2381.0,19.0,159.0,52.0,,,,,
GRASP_v1,Real,Ale_5,9,2063256978.0,32050.424,,,455.559,1800.266,1900.0,,2412.0,19.0,159.0,52.0,,,,,
GRASP_v1,Real,Ale_5,10,1090553394.0,35723.754,,,1321.03,1800.142,1900.0,,2412.0,19.0,159.0,52.0,,,,,
GRASP_v1,Real,Ale_6,1,172038058.0,65897.732,,,219.022,1800.592,1900.0,,2348.0,19.0,159.0,52.0,,,,,
GRASP_v1,Real,Ale_6,2,1828244201.0,62875.718,,,578.319,1800.014,1900.0,,2339.0,19.0,159.0,52.0,,,,,
GRASP_v1,Real,Ale_6,3,399056076.0,65524.469,,,135.667,1800.096,1900.0,,2385.0,19.0,159.0,52.0,,,,,
GRASP_v1,Real,Ale_6,4,147148437.0,63704.301,,,728.883,1800.368,1900.0,,2376.0,19.0,159.0,52.0,,,,,
GRASP_v1,Real,Ale_6,5,1277828161.0,66340.523,,,1730.811,1800.626,1900.0,,2347.0,19.0,159.0,52.0,,,,,
GRASP_v1,Real,Ale_6,6,145944841.0,64697.466,,,664.671,1800.411,1900.0,,2408.0,19.0,159.0,52.0,,,,,
GRASP_v1,Real,Ale_6,7,1450007911.0,64380.678,,,449.042,1800.174,1900.0,,2374.0,19.0,159.0,52.0,,,,,
GRASP_v1,Real,Ale_6,8,1850742647.0,65513.894,,,987.424,1800.838,1900.0,,2378.0,19.0,159.0,52.0,,,,,
GRASP_v1,Real,Ale_6,9,505096524.0,64063.201,,,221.27,1800.306,1900.0,,2416.0,19.0,159.0,52.0,,,,,
GRASP_v1,Real,Ale_6,10,867101400.0,63017.292,,,232.441,1800.309,1900.0,,2363.0,19.0,159.0,52.0,,,,,
GRASP_v1,Real,Ale_7,1,257454534.0,13640.779,,,795.834,1800.455,1900.0,,2258.0,19.0,159.0,52.0,,,,,
GRASP_v1,Real,Ale_7,2,2022062278.0,13863.788,,,467.807,1800.0,1900.0,,2264.0,19.0,159.0,52.0,,,,,
GRASP_v1,Real,Ale_7,3,1911877453.0,13672.931,,,404.842,1800.329,1900.0,,2233.0,19.0,159.0,52.0,,,,,
GRASP_v1,Real,Ale_7,4,1223368637.0,13897.435,,,1212.361,1800.625,1900.0,,2274.0,19.0,159.0,52.0,,,,,
GRASP_v1,Real,Ale_7,5,528743435.0,13259.113,,,1109.803,1800.177,1900.0,,2238.0,19.0,159.0,52.0,,,,,
GRASP_v1,Real,Ale_7,6,1243219202.0,13380.499,,,27.67,1800.602,1900.0,,2231.0,19.0,159.0,52.0,,,,,
GRASP_v1,Real,Ale_7,7,1276720172.0,13715.506,,,321.226,1800.18,1900.0,,2254.0,19.0,159.0,52.0,,,,,
GRASP_v1,Real,Ale_7,8,85344576.0,13579.856,,,1119.33,1801.015,1900.0,,2290.0,19.0,159.0,52.0,,,,,
GRASP_v1,Real,Ale_7,9,1330111667.0,12475.028,,,944.84,1800.635,1900.0,,2223.0,19.0,159.0,52.0,,,,,
GRASP_v1,Real,Ale_7,10,176058027.0,13232.802,,,423.545,1800.566,1900.0,,2219.0,19.0,159.0,52.0,,,,,
GRASP_v1,Real,Ale_8,1,900278642.0,176476.712,,,1725.564,1800.587,1900.0,,2590.0,19.0,159.0,52.0,,,,,
GRASP_v1,Real,Ale_8,2,1411698122.0,174240.052,,,600.888,1800.526,1900.0,,2598.0,19.0,159.0,52.0,,,,,
GRASP_v1,Real,Ale_8,3,1253426695.0,173696.455,,,161.434,1800.737,1900.0,,2654.0,19.0,159.0,52.0,,,,,
GRASP_v1,Real,Ale_8,4,1213815578.0,170834.546,,,1481.291,1800.056,1900.0,,2667.0,19.0,159.0,52.0,,,,,
GRASP_v1,Real,Ale_8,5,1122667339.0,172167.143,,,428.612,1800.793,1900.0,,2606.0,19.0,159.0,52.0,,,,,
GRASP_v1,Real,Ale_8,6,679399072.0,173736.939,,,1023.578,1800.361,1900.0,,2672.0,19.0,159.0,52.0,,,,,
GRASP_v1,Real,Ale_8,7,2007266411.0,176190.874,,,1609.355,1800.338,1900.0,,2669.0,19.0,159.0,52.0,,,,,
GRASP_v1,Real,Ale_8,8,559990066.0,177000.345,,,251.923,1800.657,1900.0,,2664.0,19.0,159.0,52.0,,,,,
GRASP_v1,Real,Ale_8,9,438643293.0,170774.817,,,80.722,1800.423,1900.0,,2651.0,19.0,159.0,52.0,,,,,
GRASP_v1,Real,Ale_8,10,1438225582.0,172116.843,,,1090.866,1800.409,1900.0,,2625.0,19.0,159.0,52.0,,,,,
GRASP_v1,Real,Ale_9,1,1538010183.0,18130.156,,,1644.762,1800.839,1900.0,,2429.0,19.0,159.0,52.0,,,,,
GRASP_v1,Real,Ale_9,2,674704718.0,17098.163,,,1695.456,1800.296,1900.0,,2418.0,19.0,159.0,52.0,,,,,
GRASP_v1,Real,Ale_9,3,512574191.0,18876.788,,,15.616,1800.197,1900.0,,2440.0,19.0,159.0,52.0,,,,,
GRASP_v1,Real,Ale_9,4,570402825.0,17397.149,,,1633.153,1800.137,1900.0,,2428.0,19.0,159.0,52.0,,,,,
GRASP_v1,Real,Ale_9,5,849943636.0,19091.459,,,869.699,1800.15,1900.0,,2419.0,19.0,159.0,52.0,,,,,
GRASP_v1,Real,Ale_9,6,281058963.0,16831.0,,,48.158,1800.151,1900.0,,3317.0,19.0,159.0,52.0,,,,,
GRASP_v1,Real,Ale_9,7,1442443775.0,16519.851,,,969.666,1800.318,1900.0,,3275.0,19.0,159.0,52.0,,,,,
GRASP_v1,Real,Ale_9,8,1386202389.0,17358.739,,,64.707,1800.646,1900.0,,3328.0,19.0,159.0,52.0,,,,,
GRASP_v1,Real,Ale_9,9,644238818.0,18546.775,,,1729.77,1800.579,1900.0,,3318.0,19.0,159.0,52.0,,,,,
GRASP_v1,Real,Ale_9,10,981882299.0,17432.206,,,53.701,1800.171,1900.0,,3420.0,19.0,159.0,52.0,,,,,
ILS_v1,2X,IncT2X_1,1,1.0,73205.477,,,1666.176,1800.078,1900.0,,1683.0,38.0,160.0,50.0,,,,,
ILS_v1,2X,IncT2X_1,2,2.0,56951.588,,,1725.154,1800.053,1900.0,,1600.0,38.0,160.0,50.0,,,,,
ILS_v1,2X,IncT2X_1,3,3.0,63678.878,,,1671.167,1800.56,1900.0,,1601.0,38.0,160.0,50.0,,,,,
ILS_v1,2X,IncT2X_1,4,4.0,67126.942,,,1710.753,1800.631,1900.0,,1695.0,38.0,160.0,50.0,,,,,
ILS_v1,2X,IncT2X_1,5,5.0,56042.293,,,1799.873,1800.502,1900.0,,1648.0,38.0,160.0,50.0,,,,,
ILS_v1,2X,IncT2X_1,6,6.0,61954.513,,,1794.071,1800.647,1900.0,,1629.0,38.0,160.0,50.0,,,,,
ILS_v1,2X,IncT2X_1,7,7.0,76266.948,,,1739.053,1800.329,1900.0,,1654.0,38.0,160.0,50.0,,,,,
ILS_v1,2X,IncT2X_1,8,8.0,54090.011,,,1646.041,1800.188,1900.0,,1611.0,38.0,160.0,50.0,,,,,
ILS_v1,2X,IncT2X_1,9,9.0,42947.365,,,1783.073,1800.624,1900.0,,1671.0,38.0,160.0,50.0,,,,,
ILS_v1,2X,IncT2X_1,10,10.0,63473.613,,,1750.433,1800.487,1900.0,,1591.0,38.0,160.0,50.0,,,,,
ILS_v1,2X,IncT2X_10,1,1.0,30956.356,,,1691.936,1800.574,1900.0,,1484.0,38.0,160.0,50.0,,,,,
ILS_v1,2X,IncT2X_10,2,2.0,18537.351,,,1515.04,1800.563,1900.0,,1504.0,38.0,160.0,50.0,,,,,
ILS_v1,2X,IncT2X_10,3,3.0,15857.246,,,1704.648,1800.422,1900.0,,1456.0,38.0,160.0,50.0,,,,,
ILS_v1,2X,IncT2X_10,4,4.0,21860.117,,,1790.585,1800.46,1900.0,,1506.0,38.0,160.0,50.0,,,,,
ILS_v1,2X,IncT2X_10,5,5.0,12488.328,,,1710.092,1800.399,1900.0,,1487.0,38.0,160.0,50.0,,,,,
ILS_v1,2X,IncT2X_10,6,6.0,18735.044,,,1796.515,1800.848,1900.0,,1503.0,38.0,160.0,50.0,,,,,
ILS_v1,2X,IncT2X_10,7,7.0,28207.458,,,1278.832,1800.186,1900.0,,1485.0,38.0,160.0,50.0,,,,,
ILS_v1,2X,IncT2X_10,8,8.0,18012.239,,,1785.156,1800.237,1900.0,,1521.0,38.0,160.0,50.0,,,,,
ILS_v1,2X,IncT2X_10,9,9.0,30107.303,,,1669.547,1800.354,1900.0,,1467.0,38.0,160.0,50.0,,,,,
ILS_v1,2X,IncT2X_10,10,10.0,13947.642,,,1794.338,1800.449,1900.0,,1475.0,38.0,160.0,50.0,,,,,
ILS_v1,2X,IncT2X_2,1,1.0,173637.315,,,1722.141,1800.251,1900.0,,1595.0,38.0,160.0,50.0,,,,,
ILS_v1,2X,IncT2X_2,2,2.0,155505.47,,,1740.506,1800.141,1900.0,,1589.0,38.0,160.0,50.0,,,,,
ILS_v1,2X,IncT2X_2,3,3.0,145576.763,,,1608.811,1800.537,1900.0,,1674.0,38.0,160.0,50.0,,,,,
ILS_v1,2X,IncT2X_2,4,4.0,130560.019,,,1572.927,1800.873,1900.0,,1622.0,38.0,160.0,50.0,,,,,
ILS_v1,2X,IncT2X_2,5,5.0,147684.015,,,1708.68,1800.464,1900.0,,1605.0,38.0,160.0,50.0,,,,,
ILS_v1,2X,IncT2X_2,6,6.0,173179.947,,,1659.036,1800.14,1900.0,,1618.0,38.0,160.0,50.0,,,,,
ILS_v1,2X,IncT2X_2,7,7.0,158930.221,,,1550.967,1800.619,1900.0,,1627.0,38.0,160.0,50.0,,,,,
ILS_v1,2X,IncT2X_2,8,8.0,129019.883,,,1643.129,1800.303,1900.0,,1627.0,38.0,160.0,50.0,,,,,
ILS_v1,2X,IncT2X_2,9,9.0,131809.874,,,1559.525,1800.08,1900.0,,1661.0,38.0,160.0,50.0,,,,,
ILS_v1,2X,IncT2X_2,10,10.0,140832.005,,,1799.502,1800.215,1900.0,,1664.0,38.0,160.0,50.0,,,,,
ILS_v1,2X,IncT2X_3,1,1.0,60291.139,,,1696.385,1800.79,1900.0,,1614.0,38.0,160.0,50.0,,,,,
ILS_v1,2X,IncT2X_3,2,2.0,63247.036,,,1542.946,1800.777,1900.0,,1561.0,38.0,160.0,50.0,,,,,
ILS_v1,2X,IncT2X_3,3,3.0,74438.894,,,1746.851,1800.547,1900.0,,1587.0,38.0,160.0,50.0,,,,,
ILS_v1,2X,IncT2X_3,4,4.0,63649.678,,,1783.042,1800.144,1900.0,,1650.0,38.0,160.0,50.0,,,,,
ILS_v1,2X,IncT2X_3,5,5.0,67271.521,,,1507.364,1800.374,1900.0,,1570.0,38.0,160.0,50.0,,,,,
ILS_v1,2X,IncT2X_3,6,6.0,57043.268,,,1596.388,1800.514,1900.0,,1584.0,38.0,160.0,50.0,,,,,
ILS_v1,2X,IncT2X_3,7,7.0,61570.425,,,1671.8,1800.162,1900.0,,1592.0,38.0,160.0,50.0,,,,,
ILS_v1,2X,IncT2X_3,8,8.0,68564.811,,,1580.265,1800.057,1900.0,,1588.0,38.0,160.0,50.0,,,,,
ILS_v1,2X,IncT2X_3,9,9.0,78161.852,,,1620.907,1800.336,1900.0,,1539.0,38.0,160.0,50.0,,,,,
ILS_v1,2X,IncT2X_3,10,10.0,69365.281,,,1763.136,1800.502,1900.0,,1589.0,38.0,160.0,50.0,,,,,
ILS_v1,2X,IncT2X_4,1,1.0,177629.919,,,1678.237,1800.414,1900.0,,1730.0,38.0,160.0,50.0,,,,,
ILS_v1,2X,IncT2X_4,2,2.0,173835.858,,,1397.511,1800.591,1900.0,,1707.0,38.0,160.0,50.0,,,,,
ILS_v1,2X,IncT2X_4,3,3.0,154154.298,,,1798.961,1800.327,1900.0,,1773.0,38.0,160.0,50.0,,,,,
ILS_v1,2X,IncT2X_4,4,4.0,186382.841,,,1264.163,1800.588,1900.0,,1690.0,38.0,160.0,50.0,,,,,
ILS_v1,2X,IncT2X_4,5,5.0,149599.913,,,1643.63,1800.06,1900.0,,1688.0,38.0,160.0,50.0,,,,,
ILS_v1,2X,IncT2X_4,6,6.0,175809.569,,,1541.547,1800.204,1900.0,,1663.0,38.0,160.0,50.0,,,,,
ILS_v1,2X,IncT2X_4,7,7.0,160793.665,,,1769.737,1800.183,1900.0,,1736.0,38.0,160.0,50.0,,,,,
ILS_v1,2X,IncT2X_4,8,8.0,169305.27,,,1647.748,1800.009,1900.0,,1667.0,38.0,160.0,50.0,,,,,
ILS_v1,2X,IncT2X_4,9,9.0,177674.834,,,1506.422,1800.93,1900.0,,1687.0,38.0,160.0,50.0,,,,,
ILS_v1,2X,IncT2X_4,10,10.0,166859.091,,,1434.576,1800.425,1900.0,,1713.0,38.0,160.0,50.0,,,,,
ILS_v1,2X,IncT2X_5,1,1.0,66422.695,,,1546.688,1800.033,1900.0,,1674.0,38.0,160.0,50.0,,,,,
ILS_v1,2X,IncT2X_5,2,2.0,68238.984,,,1719.118,1800.007,1900.0,,1650.0,38.0,160.0,50.0,,,,,
ILS_v1,2X,IncT2X_5,3,3.0,57788.348,,,1726.524,1800.645,1900.0,,1698.0,38.0,160.0,50.0,,,,,
ILS_v1,2X,IncT2X_5,4,4.0,66289.966,,,1421.675,1800.465,1900.0,,1698.0,38.0,160.0,50.0,,,,,
ILS_v1,2X,IncT2X_5,5,5.0,67088.027,,,1737.911,1800.258,1900.0,,1586.0,38.0,160.0,50.0,,,,,
ILS_v1,2X,IncT2X_5,6,6.0,81660.452,,,1794.728,1800.263,1900.0,,1562.0,38.0,160.0,50.0,,,,,
ILS_v1,2X,IncT2X_5,7,7.0,67752.749,,,1651.068,1800.027,1900.0,,1701.0,38.0,160.0,50.0,,,,,
ILS_v1,2X,IncT2X_5,8,8.0,55518.02,,,1719.616,1800.497,1900.0,,1604.0,38.0,160.0,50.0,,,,,
ILS_v1,2X,IncT2X_5,9,9.0,73068.026,,,1422.659,1800.647,1900.0,,1662.0,38.0,160.0,50.0,,,,,
ILS_v1,2X,IncT2X_5,10,10.0,55669.217,,,1798.615,1800.318,1900.0,,1671.0,38.0,160.0,50.0,,,,,
ILS_v1,2X,IncT2X_6,1,1.0,119575.182,,,1730.332,1800.661,1900.0,,1583.0,38.0,160.0,50.0,,,,,
ILS_v1,2X,IncT2X_6,2,2.0,104335.244,,,1736.02,1800.131,1900.0,,1597.0,38.0,160.0,50.0,,,,,
ILS_v1,2X,IncT2X_6,3,3.0,107008.394,,,1723.548,1800.184,1900.0,,1640.0,38.0,160.0,50.0,,,,,
ILS_v1,2X,IncT2X_6,4,4.0,94334.121,,,1737.005,1800.239,1900.0,,1621.0,38.0,160.0,50.0,,,,,
ILS_v1,2X,IncT2X_6,5,5.0,104742.025,,,1643.326,1800.513,1900.0,,1603.0,38.0,160.0,50.0,,,,,
ILS_v1,2X,IncT2X_6,6,6.0,89110.389,,,1689.009,1800.548,1900.0,,1665.0,38.0,160.0,50.0,,,,,
ILS_v1,2X,IncT2X_6,7,7.0,92449.441,,,1722.917,1800.413,1900.0,,1688.0,38.0,160.0,50.0,,,,,
ILS_v1,2X,IncT2X_6,8,8.0,113412.991,,,1364.377,1800.032,1900.0,,1546.0,38.0,160.0,50.0,,,,,
ILS_v1,2X,IncT2X_6,9,9.0,94725.763,,,1775.488,1800.705,1900.0,,1598.0,38.0,160.0,50.0,,,,,
ILS_v1,2X,IncT2X_6,10,10.0,109058.989,,,1755.158,1800.297,1900.0,,1569.0,38.0,160.0,50.0,,,,,
ILS_v1,2X,IncT2X_7,1,1.0,33988.722,,,1729.389,1800.557,1900.0,,1618.0,38.0,160.0,50.0,,,,,
ILS_v1,2X,IncT2X_7,2,2.0,27774.968,,,1780.239,1800.282,1900.0,,1610.0,38.0,160.0,50.0,,,,,
ILS_v1,2X,IncT2X_7,3,3.0,26782.803,,,1683.051,1800.278,1900.0,,1544.0,38.0,160.0,50.0,,,,,
ILS_v1,2X,IncT2X_7,4,4.0,43208.415,,,1775.571,1800.237,1900.0,,1557.0,38.0,160.0,50.0,,,,,
ILS_v1,2X,IncT2X_7,5,5.0,32329.703,,,1786.411,1800.097,1900.0,,1610.0,38.0,160.0,50.0,,,,,
ILS_v1,2X,IncT2X_7,6,6.0,50036.416,,,1628.627,1800.245,1900.0,,1521.0,38.0,160.0,50.0,,,,,
ILS_v1,2X,IncT2X_7,7,7.0,30507.962,,,1362.748,1800.576,1900.0,,1649.0,38.0,160.0,50.0,,,,,
ILS_v1,2X,IncT2X_7,8,8.0,28876.258,,,1699.82,1800.628,1900.0,,1549.0,38.0,160.0,50.0,,,,,
ILS_v1,2X,IncT2X_7,9,9.0,23541.667,,,1599.622,1800.051,1900.0,,1548.0,38.0,160.0,50.0,,,,,
ILS_v1,2X,IncT2X_7,10,10.0,31828.935,,,1799.396,1800.041,1900.0,,1576.0,38.0,160.0,50.0,,,,,
ILS_v1,2X,IncT2X_8,1,1.0,236270.507,,,1558.565,1800.069,1900.0,,1627.0,38.0,160.0,50.0,,,,,
ILS_v1,2X,IncT2X_8,2,2.0,199625.702,,,1195.426,1800.775,1900.0,,1715.0,38.0,160.0,50.0,,,,,
ILS_v1,2X,IncT2X_8,3,3.0,224686.691,,,1665.142,1800.741,1900.0,,1585.0,38.0,160.0,50.0,,,,,
ILS_v1,2X,IncT2X_8,4,4.0,213092.721,,,1765.192,1800.255,1900.0,,1645.0,38.0,160.0,50.0,,,,,
ILS_v1,2X,IncT2X_8,5,5.0,219051.096,,,1798.892,1800.221,1900.0,,1705.0,38.0,160.0,50.0,,,,,
ILS_v1,2X,IncT2X_8,6,6.0,189973.51,,,1682.992,1800.933,1900.0,,1651.0,38.0,160.0,50.0,,,,,
ILS_v1,2X,IncT2X_8,7,7.0,196290.211,,,1683.451,1800.7,1900.0,,1774.0,38.0,160.0,50.0,,,,,
ILS_v1,2X,IncT2X_8,8,8.0,215570.259,,,1687.206,1800.647,1900.0,,1623.0,38.0,160.0,50.0,,,,,
ILS_v1,2X,IncT2X_8,9,9.0,209290.005,,,1505.113,1800.648,1900.0,,1659.0,38.0,160.0,50.0,,,,,
ILS_v1,2X,IncT2X_8,10,10.0,201210.501,,,1680.79,1801.641,1900.0,,1705.0,38.0,160.0,50.0,,,,,
ILS_v1,2X,IncT2X_9,1,1.0,32001.927,,,1738.533,1800.622,1900.0,,1438.0,38.0,160.0,50.0,,,,,
ILS_v1,2X,IncT2X_9,2,2.0,36062.478,,,1707.113,1800.881,1900.0,,1475.0,38.0,160.0,50.0,,,,,
ILS_v1,2X,IncT2X_9,3,3.0,33201.856,,,1523.136,1801.443,1900.0,,1475.0,38.0,160.0,50.0,,,,,
ILS_v1,2X,IncT2X_9,4,4.0,34347.576,,,1559.09,1800.438,1900.0,,1436.0,38.0,160.0,50.0,,,,,
ILS_v1,2X,IncT2X_9,5,5.0,33023.436,,,1669.761,1800.95,1900.0,,1452.0,38.0,160.0,50.0,,,,,
ILS_v1,2X,IncT2X_9,6,6.0,29395.683,,,1684.825,1801.087,1900.0,,1475.0,38.0,160.0,50.0,,,,,
ILS_v1,2X,IncT2X_9,7,7.0,34603.492,,,1758.661,1800.76,1900.0,,1408.0,38.0,160.0,50.0,,,,,
ILS_v1,2X,IncT2X_9,8,8.0,35903.98,,,1767.355,1800.859,1900.0,,1417.0,38.0,160.0,50.0,,,,,
ILS_v1,2X,IncT2X_9,9,9.0,38329.048,,,1773.403,1800.299,1900.0,,1486.0,38.0,160.0,50.0,,,,,
ILS_v1,2X,IncT2X_9,10,10.0,40602.54,,,1792.976,1800.01,1900.0,,1482.0,38.0,160.0,50.0,,,,,
ILS_v1,3X,IncT3x_1,1,1.0,100063.664,,,1707.798,1801.103,1900.0,,698.0,57.0,160.0,50.0,,,,,
ILS_v1,3X,IncT3x_1,2,2.0,102931.83,,,1758.304,1801.631,1900.0,,685.0,57.0,160.0,50.0,,,,,
ILS_v1,3X,IncT3x_1,3,3.0,91665.239,,,1763.186,1800.685,1900.0,,682.0,57.0,160.0,50.0,,,,,
ILS_v1,3X,IncT3x_1,4,4.0,104688.408,,,1688.088,1800.19,1900.0,,696.0,57.0,160.0,50.0,,,,,
ILS_v1,3X,IncT3x_1,5,5.0,108078.178,,,1727.441,1801.159,1900.0,,718.0,57.0,160.0,50.0,,,,,
ILS_v1,3X,IncT3x_1,6,6.0,110847.12,,,1243.253,1801.258,1900.0,,662.0,57.0,160.0,50.0,,,,,
ILS_v1,3X,IncT3x_1,7,7.0,98917.947,,,1574.541,1800.24,1900.0,,704.0,57.0,160.0,50.0,,,,,
ILS_v1,3X,IncT3x_1,8,8.0,87794.096,,,1715.383,1801.538,1900.0,,698.0,57.0,160.0,50.0,,,,,
ILS_v1,3X,IncT3x_1,9,9.0,118528.715,,,1303.516,1801.363,1900.0,,669.0,57.0,160.0,50.0,,,,,
ILS_v1,3X,IncT3x_1,10,10.0,102755.351,,,1578.99,1801.416,1900.0,,701.0,57.0,160.0,50.0,,,,,
ILS_v1,3X,IncT3x_10,1,1.0,44690.447,,,1755.314,1800.728,1900.0,,809.0,57.0,160.0,50.0,,,,,
ILS_v1,3X,IncT3x_10,2,2.0,50736.089,,,1731.571,1801.166,1900.0,,828.0,57.0,160.0,50.0,,,,,
ILS_v1,3X,IncT3x_10,3,3.0,54952.664,,,1761.34,1801.683,1900.0,,812.0,57.0,160.0,50.0,,,,,
ILS_v1,3X,IncT3x_10,4,4.0,59520.315,,,1798.794,1800.171,1900.0,,845.0,57.0,160.0,50.0,,,,,
ILS_v1,3X,IncT3x_10,5,5.0,49262.492,,,1729.599,1801.596,1900.0,,871.0,57.0,160.0,50.0,,,,,
ILS_v1,3X,IncT3x_10,6,6.0,43726.346,,,1351.715,1801.535,1900.0,,858.0,57.0,160.0,50.0,,,,,
ILS_v1,3X,IncT3x_10,7,7.0,50525.859,,,1513.897,1802.688,1900.0,,823.0,57.0,160.0,50.0,,,,,
ILS_v1,3X,IncT3x_10,8,8.0,44317.87,,,1703.777,1800.085,1900.0,,827.0,57.0,160.0,50.0,,,,,
ILS_v1,3X,IncT3x_10,9,9.0,45242.241,,,1649.833,1800.178,1900.0,,832.0,57.0,160.0,50.0,,,,,
ILS_v1,3X,IncT3x_10,10,10.0,46076.28,,,1499.971,1800.454,1900.0,,823.0,57.0,160.0,50.0,,,,,
ILS_v1,3X,IncT3x_2,1,1.0,182872.406,,,1756.419,1800.963,1900.0,,691.0,57.0,160.0,50.0,,,,,
ILS_v1,3X,IncT3x_2,2,2.0,170888.982,,,1683.453,1801.214,1900.0,,726.0,57.0,160.0,50.0,,,,,
ILS_v1,3X,IncT3x_2,3,3.0,228055.401,,,1711.312,1801.202,1900.0,,682.0,57.0,160.0,50.0,,,,,
ILS_v1,3X,IncT3x_2,4,4.0,226832.495,,,1775.784,1802.525,1900.0,,679.0,57.0,160.0,50.0,,,,,
ILS_v1,3X,IncT3x_2,5,5.0,221618.163,,,1478.685,1801.916,1900.0,,690.0,57.0,160.0,50.0,,,,,
ILS_v1,3X,IncT3x_2,6,6.0,215810.034,,,1528.682,1800.686,1900.0,,718.0,57.0,160.0,50.0,,,,,
ILS_v1,3X,IncT3x_2,7,7.0,201156.325,,,1691.146,1801.152,1900.0,,719.0,57.0,160.0,50.0,,,,,
ILS_v1,3X,IncT3x_2,8,8.0,210424.492,,,1756.584,1801.416,1900.0,,713.0,57.0,160.0,50.0,,,,,
ILS_v1,3X,IncT3x_2,9,9.0,190084.718,,,1652.514,1801.023,1900.0,,688.0,57.0,160.0,50.0,,,,,
ILS_v1,3X,IncT3x_2,10,10.0,215978.889,,,1747.766,1800.513,1900.0,,698.0,57.0,160.0,50.0,,,,,
ILS_v1,3X,IncT3x_3,1,1.0,91934.625,,,1712.986,1803.624,1900.0,,720.0,57.0,160.0,50.0,,,,,
ILS_v1,3X,IncT3x_3,2,2.0,81940.47,,,1738.459,1800.658,1900.0,,716.0,57.0,160.0,50.0,,,,,
ILS_v1,3X,IncT3x_3,3,3.0,98372.428,,,1785.017,1800.761,1900.0,,722.0,57.0,160.0,50.0,,,,,
ILS_v1,3X,IncT3x_3,4,4.0,94615.289,,,1771.609,1800.719,1900.0,,748.0,57.0,160.0,50.0,,,,,
ILS_v1,3X,IncT3x_3,5,5.0,98949.552,,,1770.113,1801.491,1900.0,,702.0,57.0,160.0,50.0,,,,,
ILS_v1,3X,IncT3x_3,6,6.0,90825.699,,,1509.546,1800.62,1900.0,,731.0,57.0,160.0,50.0,,,,,
ILS_v1,3X,IncT3x_3,7,7.0,95913.867,,,1732.615,1801.09,1900.0,,721.0,57.0,160.0,50.0,,,,,
ILS_v1,3X,IncT3x_3,8,8.0,84570.139,,,1794.347,1800.458,1900.0,,731.0,57.0,160.0,50.0,,,,,
ILS_v1,3X,IncT3x_3,9,9.0,96024.341,,,1760.749,1800.572,1900.0,,733.0,57.0,160.0,50.0,,,,,
ILS_v1,3X,IncT3x_3,10,10.0,99985.803,,,1782.128,1800.438,1900.0,,750.0,57.0,160.0,50.0,,,,,
ILS_v1,3X,IncT3x_4,1,1.0,193207.77,,,1787.588,1801.037,1900.0,,768.0,57.0,160.0,50.0,,,,,
ILS_v1,3X,IncT3x_4,2,2.0,192623.771,,,1730.865,1800.012,1900.0,,760.0,57.0,160.0,50.0,,,,,
ILS_v1,3X,IncT3x_4,3,3.0,217450.843,,,1679.67,1800.681,1900.0,,767.0,57.0,160.0,50.0,,,,,
ILS_v1,3X,IncT3x_4,4,4.0,174556.54,,,1569.906,1800.962,1900.0,,769.0,57.0,160.0,50.0,,,,,
ILS_v1,3X,IncT3x_4,5,5.0,210610.206,,,1760.714,1800.486,1900.0,,727.0,57.0,160.0,50.0,,,,,
ILS_v1,3X,IncT3x_4,6,6.0,170699.725,,,1718.468,1800.187,1900.0,,761.0,57.0,160.0,50.0,,,,,
ILS_v1,3X,IncT3x_4,7,7.0,167578.477,,,1764.693,1801.278,1900.0,,802.0,57.0,160.0,50.0,,,,,
ILS_v1,3X,IncT3x_4,8,8.0,197798.154,,,1713.536,1800.487,1900.0,,741.0,57.0,160.0,50.0,,,,,
ILS_v1,3X,IncT3x_4,9,9.0,224820.836,,,1691.281,1801.412,1900.0,,743.0,57.0,160.0,50.0,,,,,
ILS_v1,3X,IncT3x_4,10,10.0,208730.316,,,1642.302,1801.045,1900.0,,776.0,57.0,160.0,50.0,,,,,
ILS_v1,3X,IncT3x_5,1,1.0,84328.82,,,1222.715,1800.769,1900.0,,731.0,57.0,160.0,50.0,,,,,
ILS_v1,3X,IncT3x_5,2,2.0,78249.0,,,1330.641,1800.941,1900.0,,743.0,57.0,160.0,50.0,,,,,
ILS_v1,3X,IncT3x_5,3,3.0,126383.565,,,1759.498,1802.631,1900.0,,722.0,57.0,160.0,50.0,,,,,
ILS_v1,3X,IncT3x_5,4,4.0,93409.453,,,1467.703,1800.077,1900.0,,723.0,57.0,160.0,50.0,,,,,
ILS_v1,3X,IncT3x_5,5,5.0,89601.366,,,1661.65,1800.809,1900.0,,698.0,57.0,160.0,50.0,,,,,
ILS_v1,3X,IncT3x_5,6,6.0,100881.457,,,1609.843,1802.555,1900.0,,749.0,57.0,160.0,50.0,,,,,
ILS_v1,3X,IncT3x_5,7,7.0,91276.553,,,1552.17,1800.629,1900.0,,773.0,57.0,160.0,50.0,,,,,
ILS_v1,3X,IncT3x_5,8,8.0,82377.791,,,1697.077,1802.272,1900.0,,739.0,57.0,160.0,50.0,,,,,
ILS_v1,3X,IncT3x_5,9,9.0,74552.219,,,1252.408,1801.595,1900.0,,739.0,57.0,160.0,50.0,,,,,
ILS_v1,3X,IncT3x_5,10,10.0,88930.874,,,1706.126,1800.344,1900.0,,780.0,57.0,160.0,50.0,,,,,
ILS_v1,3X,IncT3x_6,1,1.0,135303.166,,,1411.51,1801.514,1900.0,,679.0,57.0,160.0,50.0,,,,,
ILS_v1,3X,IncT3x_6,2,2.0,124639.052,,,1678.468,1800.845,1900.0,,718.0,57.0,160.0,50.0,,,,,
ILS_v1,3X,IncT3x_6,3,3.0,137009.991,,,1733.966,1800.369,1900.0,,694.0,57.0,160.0,50.0,,,,,
ILS_v1,3X,IncT3x_6,4,4.0,101416.575,,,1683.88,1800.227,1900.0,,707.0,57.0,160.0,50.0,,,,,
ILS_v1,3X,IncT3x_6,5,5.0,112328.052,,,1760.453,1801.879,1900.0,,684.0,57.0,160.0,50.0,,,,,
ILS_v1,3X,IncT3x_6,6,6.0,117604.257,,,1612.701,1800.521,1900.0,,699.0,57.0,160.0,50.0,,,,,
ILS_v1,3X,IncT3x_6,7,7.0,128609.515,,,1777.784,1802.418,1900.0,,677.0,57.0,160.0,50.0,,,,,
ILS_v1,3X,IncT3x_6,8,8.0,108907.293,,,1794.688,1800.62,1900.0,,715.0,57.0,160.0,50.0,,,,,
ILS_v1,3X,IncT3x_6,9,9.0,118227.863,,,1665.239,1801.003,1900.0,,701.0,57.0,160.0,50.0,,,,,
ILS_v1,3X,IncT3x_6,10,10.0,121971.477,,,1726.996,1800.431,1900.0,,695.0,57.0,160.0,50.0,,,,,
ILS_v1,3X,IncT3x_7,1,1.0,58787.263,,,1625.585,1800.392,1900.0,,734.0,57.0,160.0,50.0,,,,,
ILS_v1,3X,IncT3x_7,2,2.0,55184.938,,,1533.043,1800.859,1900.0,,765.0,57.0,160.0,50.0,,,,,
ILS_v1,3X,IncT3x_7,3,3.0,63901.817,,,1762.847,1800.227,1900.0,,767.0,57.0,160.0,50.0,,,,,
ILS_v1,3X,IncT3x_7,4,4.0,47938.854,,,1638.489,1800.923,1900.0,,765.0,57.0,160.0,50.0,,,,,
ILS_v1,3X,IncT3x_7,5,5.0,52047.704,,,1701.742,1800.507,1900.0,,718.0,57.0,160.0,50.0,,,,,
ILS_v1,3X,IncT3x_7,6,6.0,58018.854,,,1782.241,1801.143,1900.0,,804.0,57.0,160.0,50.0,,,,,
ILS_v1,3X,IncT3x_7,7,7.0,51161.026,,,1777.866,1800.647,1900.0,,773.0,57.0,160.0,50.0,,,,,
ILS_v1,3X,IncT3x_7,8,8.0,47569.304,,,1794.981,1800.011,1900.0,,764.0,57.0,160.0,50.0,,,,,
ILS_v1,3X,IncT3x_7,9,9.0,61735.864,,,1758.659,1800.054,1900.0,,733.0,57.0,160.0,50.0,,,,,
ILS_v1,3X,IncT3x_7,10,10.0,51521.612,,,1772.669,1801.528,1900.0,,744.0,57.0,160.0,50.0,,,,,
ILS_v1,3X,IncT3x_8,1,1.0,245077.309,,,1749.869,1801.032,1900.0,,911.0,57.0,160.0,50.0,,,,,
ILS_v1,3X,IncT3x_8,2,2.0,259022.247,,,1677.973,1800.975,1900.0,,855.0,57.0,160.0,50.0,,,,,
ILS_v1,3X,IncT3x_8,3,3.0,249919.115,,,1795.441,1801.313,1900.0,,889.0,57.0,160.0,50.0,,,,,
ILS_v1,3X,IncT3x_8,4,4.0,266603.344,,,1696.26,1800.045,1900.0,,851.0,57.0,160.0,50.0,,,,,
ILS_v1,3X,IncT3x_8,5,5.0,221192.734,,,1540.85,1801.66,1900.0,,865.0,57.0,160.0,50.0,,,,,
ILS_v1,3X,IncT3x_8,6,6.0,231990.402,,,1783.641,1801.107,1900.0,,888.0,57.0,160.0,50.0,,,,,
ILS_v1,3X,IncT3x_8,7,7.0,247062.392,,,1018.584,1801.137,1900.0,,872.0,57.0,160.0,50.0,,,,,
ILS_v1,3X,IncT3x_8,8,8.0,232654.556,,,1760.208,1801.156,1900.0,,898.0,57.0,160.0,50.0,,,,,
ILS_v1,3X,IncT3x_8,9,9.0,229871.322,,,1778.372,1801.668,1900.0,,870.0,57.0,160.0,50.0,,,,,
ILS_v1,3X,IncT3x_8,10,10.0,244728.94,,,1756.867,1800.434,1900.0,,890.0,57.0,160.0,50.0,,,,,
ILS_v1,3X,IncT3x_9,1,1.0,51880.636,,,1790.651,1800.971,1900.0,,828.0,57.0,160.0,50.0,,,,,
ILS_v1,3X,IncT3x_9,2,2.0,39090.746,,,1757.528,1801.013,1900.0,,824.0,57.0,160.0,50.0,,,,,
ILS_v1,3X,IncT3x_9,3,3.0,51160.863,,,1713.227,1800.176,1900.0,,828.0,57.0,160.0,50.0,,,,,
ILS_v1,3X,IncT3x_9,4,4.0,52763.364,,,1711.837,1800.735,1900.0,,825.0,57.0,160.0,50.0,,,,,
ILS_v1,3X,IncT3x_9,5,5.0,42008.515,,,1743.174,1800.752,1900.0,,851.0,57.0,160.0,50.0,,,,,
ILS_v1,3X,IncT3x_9,6,6.0,57479.171,,,1788.632,1800.573,1900.0,,791.0,57.0,160.0,50.0,,,,,
ILS_v1,3X,IncT3x_9,7,7.0,41861.175,,,1760.193,1800.67,1900.0,,844.0,57.0,160.0,50.0,,,,,
ILS_v1,3X,IncT3x_9,8,8.0,51382.697,,,1759.114,1800.445,1900.0,,796.0,57.0,160.0,50.0,,,,,
ILS_v1,3X,IncT3x_9,9,9.0,44116.927,,,1753.536,1800.779,1900.0,,828.0,57.0,160.0,50.0,,,,,
ILS_v1,3X,IncT3x_9,10,10.0,37867.292,,,1721.941,1800.674,1900.0,,810.0,57.0,160.0,50.0,,,,,
ILS_v1,4X,IncT4x_1,1,1.0,132751.515,,,1694.664,1800.365,1900.0,,495.0,76.0,160.0,50.0,,,,,
ILS_v1,4X,IncT4x_1,2,2.0,128581.292,,,1631.054,1802.831,1900.0,,477.0,76.0,160.0,50.0,,,,,
ILS_v1,4X,IncT4x_1,3,3.0,119713.686,,,1767.41,1802.217,1900.0,,501.0,76.0,160.0,50.0,,,,,
ILS_v1,4X,IncT4x_1,4,4.0,131224.779,,,1519.914,1800.677,1900.0,,475.0,76.0,160.0,50.0,,,,,
ILS_v1,4X,IncT4x_1,5,5.0,139597.318,,,1700.171,1801.869,1900.0,,489.0,76.0,160.0,50.0,,,,,
ILS_v1,4X,IncT4x_1,6,6.0,112085.995,,,1702.188,1803.161,1900.0,,488.0,76.0,160.0,50.0,,,,,
ILS_v1,4X,IncT4x_1,7,7.0,101158.562,,,1773.009,1800.404,1900.0,,501.0,76.0,160.0,50.0,,,,,
ILS_v1,4X,IncT4x_1,8,8.0,148880.709,,,1673.938,1801.486,1900.0,,484.0,76.0,160.0,50.0,,,,,
ILS_v1,4X,IncT4x_1,9,9.0,118952.715,,,1662.964,1803.453,1900.0,,480.0,76.0,160.0,50.0,,,,,
ILS_v1,4X,IncT4x_1,10,10.0,130694.665,,,1028.797,1803.759,1900.0,,485.0,76.0,160.0,50.0,,,,,
ILS_v1,4X,IncT4x_10,1,1.0,60257.358,,,1758.71,1802.158,1900.0,,492.0,76.0,160.0,50.0,,,,,
ILS_v1,4X,IncT4x_10,2,2.0,60067.08,,,1014.311,1802.44,1900.0,,491.0,76.0,160.0,50.0,,,,,
ILS_v1,4X,IncT4x_10,3,3.0,59484.482,,,1747.998,1800.663,1900.0,,515.0,76.0,160.0,50.0,,,,,
ILS_v1,4X,IncT4x_10,4,4.0,83790.115,,,1776.566,1802.674,1900.0,,492.0,76.0,160.0,50.0,,,,,
ILS_v1,4X,IncT4x_10,5,5.0,65634.442,,,1544.482,1802.976,1900.0,,487.0,76.0,160.0,50.0,,,,,
ILS_v1,4X,IncT4x_10,6,6.0,74806.869,,,1792.393,1801.135,1900.0,,485.0,76.0,160.0,50.0,,,,,
ILS_v1,4X,IncT4x_10,7,7.0,69654.535,,,1770.937,1801.783,1900.0,,463.0,76.0,160.0,50.0,,,,,
ILS_v1,4X,IncT4x_10,8,8.0,96705.919,,,1525.688,1801.591,1900.0,,463.0,76.0,160.0,50.0,,,,,
ILS_v1,4X,IncT4x_10,9,9.0,67224.447,,,1503.59,1801.383,1900.0,,493.0,76.0,160.0,50.0,,,,,
ILS_v1,4X,IncT4x_10,10,10.0,70475.457,,,1692.52,1801.655,1900.0,,465.0,76.0,160.0,50.0,,,,,
ILS_v1,4X,IncT4x_2,1,1.0,257269.169,,,1618.542,1801.916,1900.0,,503.0,76.0,160.0,50.0,,,,,
ILS_v1,4X,IncT4x_2,2,2.0,243756.05,,,1725.004,1800.351,1900.0,,491.0,76.0,160.0,50.0,,,,,
ILS_v1,4X,IncT4x_2,3,3.0,220224.874,,,1798.24,1800.465,1900.0,,504.0,76.0,160.0,50.0,,,,,
ILS_v1,4X,IncT4x_2,4,4.0,221117.434,,,1498.233,1800.805,1900.0,,509.0,76.0,160.0,50.0,,,,,
ILS_v1,4X,IncT4x_2,5,5.0,200665.337,,,1792.16,1800.852,1900.0,,499.0,76.0,160.0,50.0,,,,,
ILS_v1,4X,IncT4x_2,6,6.0,188683.246,,,1795.268,1800.037,1900.0,,525.0,76.0,160.0,50.0,,,,,
ILS_v1,4X,IncT4x_2,7,7.0,235586.617,,,1653.831,1801.586,1900.0,,509.0,76.0,160.0,50.0,,,,,
ILS_v1,4X,IncT4x_2,8,8.0,225140.116,,,1393.876,1801.533,1900.0,,511.0,76.0,160.0,50.0,,,,,
ILS_v1,4X,IncT4x_2,9,9.0,273481.35,,,1388.454,1800.992,1900.0,,492.0,76.0,160.0,50.0,,,,,
ILS_v1,4X,IncT4x_2,10,10.0,261298.421,,,1774.304,1801.143,1900.0,,495.0,76.0,160.0,50.0,,,,,
ILS_v1,4X,IncT4x_3,1,1.0,97144.237,,,1758.814,1800.697,1900.0,,483.0,76.0,160.0,50.0,,,,,
ILS_v1,4X,IncT4x_3,2,2.0,112456.428,,,1599.959,1802.093,1900.0,,488.0,76.0,160.0,50.0,,,,,
ILS_v1,4X,IncT4x_3,3,3.0,115373.701,,,1772.929,1800.869,1900.0,,480.0,76.0,160.0,50.0,,,,,
ILS_v1,4X,IncT4x_3,4,4.0,111634.016,,,1789.172,1802.927,1900.0,,474.0,76.0,160.0,50.0,,,,,
ILS_v1,4X,IncT4x_3,5,5.0,116537.358,,,1721.52,1800.437,1900.0,,495.0,76.0,160.0,50.0,,,,,
ILS_v1,4X,IncT4x_3,6,6.0,116482.857,,,1587.643,1803.285,1900.0,,476.0,76.0,160.0,50.0,,,,,
ILS_v1,4X,IncT4x_3,7,7.0,123443.748,,,1678.614,1800.427,1900.0,,491.0,76.0,160.0,50.0,,,,,
ILS_v1,4X,IncT4x_3,8,8.0,102165.064,,,1791.865,1801.054,1900.0,,485.0,76.0,160.0,50.0,,,,,
ILS_v1,4X,IncT4x_3,9,9.0,106643.252,,,1622.091,1800.692,1900.0,,481.0,76.0,160.0,50.0,,,,,
ILS_v1,4X,IncT4x_3,10,10.0,101029.401,,,1777.727,1803.191,1900.0,,479.0,76.0,160.0,50.0,,,,,
ILS_v1,4X,IncT4x_4,1,1.0,236460.953,,,1606.58,1801.395,1900.0,,499.0,76.0,160.0,50.0,,,,,
ILS_v1,4X,IncT4x_4,2,2.0,232953.399,,,1341.752,1801.435,1900.0,,511.0,76.0,160.0,50.0,,,,,
ILS_v1,4X,IncT4x_4,3,3.0,246705.047,,,1684.542,1803.626,1900.0,,493.0,76.0,160.0,50.0,,,,,
ILS_v1,4X,IncT4x_4,4,4.0,201103.939,,,1752.713,1800.079,1900.0,,541.0,76.0,160.0,50.0,,,,,
ILS_v1,4X,IncT4x_4,5,5.0,214209.157,,,1557.284,1801.315,1900.0,,516.0,76.0,160.0,50.0,,,,,
ILS_v1,4X,IncT4x_4,6,6.0,233245.63,,,1669.018,1800.437,1900.0,,493.0,76.0,160.0,50.0,,,,,
ILS_v1,4X,IncT4x_4,7,7.0,215594.505,,,1635.185,1801.56,1900.0,,505.0,76.0,160.0,50.0,,,,,
ILS_v1,4X,IncT4x_4,8,8.0,207682.116,,,1779.565,1802.669,1900.0,,510.0,76.0,160.0,50.0,,,,,
ILS_v1,4X,IncT4x_4,9,9.0,198915.417,,,1561.834,1801.787,1900.0,,528.0,76.0,160.0,50.0,,,,,
ILS_v1,4X,IncT4x_4,10,10.0,236367.779,,,1691.203,1802.984,1900.0,,527.0,76.0,160.0,50.0,,,,,
ILS_v1,4X,IncT4x_5,1,1.0,83918.115,,,1128.807,1800.89,1900.0,,479.0,76.0,160.0,50.0,,,,,
ILS_v1,4X,IncT4x_5,2,2.0,126696.359,,,1744.073,1801.607,1900.0,,481.0,76.0,160.0,50.0,,,,,
ILS_v1,4X,IncT4x_5,3,3.0,95405.561,,,1757.194,1800.773,1900.0,,505.0,76.0,160.0,50.0,,,,,
ILS_v1,4X,IncT4x_5,4,4.0,111440.799,,,1603.19,1800.555,1900.0,,482.0,76.0,160.0,50.0,,,,,
ILS_v1,4X,IncT4x_5,5,5.0,115631.315,,,1530.605,1803.281,1900.0,,495.0,76.0,160.0,50.0,,,,,
ILS_v1,4X,IncT4x_5,6,6.0,141665.752,,,1722.547,1801.08,1900.0,,464.0,76.0,160.0,50.0,,,,,
ILS_v1,4X,IncT4x_5,7,7.0,94757.258,,,1755.771,1800.978,1900.0,,479.0,76.0,160.0,50.0,,,,,
ILS_v1,4X,IncT4x_5,8,8.0,98561.252,,,1494.691,1800.091,1900.0,,495.0,76.0,160.0,50.0,,,,,
ILS_v1,4X,IncT4x_5,9,9.0,111023.578,,,1744.966,1800.438,1900.0,,489.0,76.0,160.0,50.0,,,,,
ILS_v1,4X,IncT4x_5,10,10.0,135665.897,,,1732.753,1801.939,1900.0,,476.0,76.0,160.0,50.0,,,,,
ILS_v1,4X,IncT4x_6,1,1.0,164123.767,,,1550.555,1800.569,1900.0,,476.0,76.0,160.0,50.0,,,,,
ILS_v1,4X,IncT4x_6,2,2.0,147237.414,,,1552.505,1801.069,1900.0,,504.0,76.0,160.0,50.0,,,,,
ILS_v1,4X,IncT4x_6,3,3.0,157288.682,,,1795.687,1800.679,1900.0,,483.0,76.0,160.0,50.0,,,,,
ILS_v1,4X,IncT4x_6,4,4.0,160749.037,,,1767.697,1801.669,1900.0,,469.0,76.0,160.0,50.0,,,,,
ILS_v1,4X,IncT4x_6,5,5.0,145313.901,,,1740.414,1801.167,1900.0,,473.0,76.0,160.0,50.0,,,,,
ILS_v1,4X,IncT4x_6,6,6.0,171776.114,,,992.963,1801.118,1900.0,,469.0,76.0,160.0,50.0,,,,,
ILS_v1,4X,IncT4x_6,7,7.0,142511.048,,,1505.493,1801.56,1900.0,,501.0,76.0,160.0,50.0,,,,,
ILS_v1,4X,IncT4x_6,8,8.0,152737.945,,,1694.585,1800.057,1900.0,,465.0,76.0,160.0,50.0,,,,,
ILS_v1,4X,IncT4x_6,9,9.0,161108.07,,,1195.939,1801.065,1900.0,,469.0,76.0,160.0,50.0,,,,,
ILS_v1,4X,IncT4x_6,10,10.0,155248.279,,,1795.282,1801.05,1900.0,,475.0,76.0,160.0,50.0,,,,,
ILS_v1,4X,IncT4x_7,1,1.0,76775.736,,,1780.04,1800.121,1900.0,,477.0,76.0,160.0,50.0,,,,,
ILS_v1,4X,IncT4x_7,2,2.0,91862.52,,,1781.608,1801.439,1900.0,,473.0,76.0,160.0,50.0,,,,,
ILS_v1,4X,IncT4x_7,3,3.0,88399.634,,,1669.889,1802.209,1900.0,,456.0,76.0,160.0,50.0,,,,,
ILS_v1,4X,IncT4x_7,4,4.0,93286.583,,,1642.136,1800.678,1900.0,,460.0,76.0,160.0,50.0,,,,,
ILS_v1,4X,IncT4x_7,5,5.0,81338.532,,,1531.869,1801.336,1900.0,,473.0,76.0,160.0,50.0,,,,,
ILS_v1,4X,IncT4x_7,6,6.0,83598.969,,,1678.933,1800.22,1900.0,,474.0,76.0,160.0,50.0,,,,,
ILS_v1,4X,IncT4x_7,7,7.0,86447.302,,,1741.881,1803.808,1900.0,,473.0,76.0,160.0,50.0,,,,,
ILS_v1,4X,IncT4x_7,8,8.0,82322.092,,,1788.091,1802.6,1900.0,,471.0,76.0,160.0,50.0,,,,,
ILS_v1,4X,IncT4x_7,9,9.0,84760.807,,,1792.162,1801.292,1900.0,,460.0,76.0,160.0,50.0,,,,,
ILS_v1,4X,IncT4x_7,10,10.0,76269.77,,,1633.806,1800.167,1900.0,,498.0,76.0,160.0,50.0,,,,,
ILS_v1,4X,IncT4x_8,1,1.0,258405.534,,,1723.7,1800.371,1900.0,,508.0,76.0,160.0,50.0,,,,,
ILS_v1,4X,IncT4x_8,2,2.0,298841.497,,,1598.894,1800.739,1900.0,,513.0,76.0,160.0,50.0,,,,,
ILS_v1,4X,IncT4x_8,3,3.0,310122.021,,,1722.966,1801.001,1900.0,,498.0,76.0,160.0,50.0,,,,,
ILS_v1,4X,IncT4x_8,4,4.0,307469.567,,,1789.755,1800.032,1900.0,,484.0,76.0,160.0,50.0,,,,,
ILS_v1,4X,IncT4x_8,5,5.0,312214.372,,,1602.083,1802.022,1900.0,,486.0,76.0,160.0,50.0,,,,,
ILS_v1,4X,IncT4x_8,6,6.0,280482.28,,,1764.4,1801.951,1900.0,,500.0,76.0,160.0,50.0,,,,,
ILS_v1,4X,IncT4x_8,7,7.0,300267.371,,,1691.593,1800.468,1900.0,,501.0,76.0,160.0,50.0,,,,,
ILS_v1,4X,IncT4x_8,8,8.0,279723.449,,,1788.671,1801.305,1900.0,,501.0,76.0,160.0,50.0,,,,,
ILS_v1,4X,IncT4x_8,9,9.0,297526.66,,,1745.863,1800.229,1900.0,,489.0,76.0,160.0,50.0,,,,,
ILS_v1,4X,IncT4x_8,10,10.0,276264.146,,,1562.883,1800.778,1900.0,,480.0,76.0,160.0,50.0,,,,,
ILS_v1,4X,IncT4x_9,1,1.0,71060.355,,,1613.405,1806.755,1900.0,,468.0,76.0,160.0,50.0,,,,,
ILS_v1,4X,IncT4x_9,2,2.0,76851.69,,,1681.258,1800.357,1900.0,,450.0,76.0,160.0,50.0,,,,,
ILS_v1,4X,IncT4x_9,3,3.0,84122.314,,,1692.709,1802.936,1900.0,,479.0,76.0,160.0,50.0,,,,,
ILS_v1,4X,IncT4x_9,4,4.0,64876.925,,,1687.5,1801.065,1900.0,,475.0,76.0,160.0,50.0,,,,,
ILS_v1,4X,IncT4x_9,5,5.0,66775.282,,,1766.852,1801.136,1900.0,,473.0,76.0,160.0,50.0,,,,,
ILS_v1,4X,IncT4x_9,6,6.0,66256.529,,,1749.45,1803.843,1900.0,,481.0,76.0,160.0,50.0,,,,,
ILS_v1,4X,IncT4x_9,7,7.0,55567.314,,,1749.795,1800.602,1900.0,,490.0,76.0,160.0,50.0,,,,,
ILS_v1,4X,IncT4x_9,8,8.0,74938.391,,,1771.166,1800.38,1900.0,,468.0,76.0,160.0,50.0,,,,,
ILS_v1,4X,IncT4x_9,9,9.0,66850.691,,,1636.674,1802.966,1900.0,,474.0,76.0,160.0,50.0,,,,,
ILS_v1,4X,IncT4x_9,10,10.0,77832.123,,,1609.505,1803.389,1900.0,,463.0,76.0,160.0,50.0,,,,,
ILS_v1,5X,IncT5x_7,1,1.0,95281.639,,,1756.621,1804.122,1900.0,,305.0,95.0,160.0,50.0,,,,,
ILS_v1,5X,IncT5x_7,2,2.0,89904.053,,,1262.103,1800.988,1900.0,,304.0,95.0,160.0,50.0,,,,,
ILS_v1,5X,IncT5x_7,3,3.0,95166.614,,,1568.218,1803.031,1900.0,,316.0,95.0,160.0,50.0,,,,,
ILS_v1,5X,IncT5x_7,4,4.0,87045.064,,,1725.324,1802.696,1900.0,,304.0,95.0,160.0,50.0,,,,,
ILS_v1,5X,IncT5x_7,5,5.0,110880.563,,,1680.317,1802.466,1900.0,,290.0,95.0,160.0,50.0,,,,,
ILS_v1,5X,IncT5x_7,6,6.0,111676.149,,,1219.133,1801.982,1900.0,,294.0,95.0,160.0,50.0,,,,,
ILS_v1,5X,IncT5x_7,7,7.0,99722.752,,,1233.518,1804.194,1900.0,,304.0,95.0,160.0,50.0,,,,,
ILS_v1,5X,IncT5x_7,8,8.0,98094.197,,,1763.251,1803.531,1900.0,,313.0,95.0,160.0,50.0,,,,,
ILS_v1,5X,IncT5x_7,9,9.0,96777.907,,,1628.942,1802.803,1900.0,,299.0,95.0,160.0,50.0,,,,,
ILS_v1,5X,IncT5x_7,10,10.0,98267.447,,,1792.739,1801.397,1900.0,,303.0,95.0,160.0,50.0,,,,,
ILS_v1,5X,IncT5x_8,1,1.0,267526.018,,,1713.132,1804.219,1900.0,,334.0,95.0,160.0,50.0,,,,,
ILS_v1,5X,IncT5x_8,2,2.0,363013.023,,,1315.541,1800.587,1900.0,,315.0,95.0,160.0,50.0,,,,,
ILS_v1,5X,IncT5x_8,3,3.0,301457.177,,,1687.632,1802.134,1900.0,,338.0,95.0,160.0,50.0,,,,,
ILS_v1,5X,IncT5x_8,4,4.0,305844.032,,,1413.714,1801.481,1900.0,,317.0,95.0,160.0,50.0,,,,,
ILS_v1,5X,IncT5x_8,5,5.0,305834.087,,,1696.188,1802.871,1900.0,,326.0,95.0,160.0,50.0,,,,,
ILS_v1,5X,IncT5x_8,6,6.0,308429.44,,,1759.76,1800.594,1900.0,,335.0,95.0,160.0,50.0,,,,,
ILS_v1,5X,IncT5x_8,7,7.0,319538.678,,,1663.453,1801.974,1900.0,,311.0,95.0,160.0,50.0,,,,,
ILS_v1,5X,IncT5x_8,8,8.0,272535.414,,,1611.635,1801.924,1900.0,,316.0,95.0,160.0,50.0,,,,,
ILS_v1,5X,IncT5x_8,9,9.0,329147.07,,,1126.532,1800.222,1900.0,,308.0,95.0,160.0,50.0,,,,,
ILS_v1,5X,IncT5x_8,10,10.0,328479.925,,,1378.812,1802.668,1900.0,,320.0,95.0,160.0,50.0,,,,,
ILS_v1,5X,IncT5x_9,1,1.0,91927.519,,,1064.812,1803.88,1900.0,,302.0,95.0,160.0,50.0,,,,,
ILS_v1,5X,IncT5x_9,2,2.0,91577.802,,,1394.452,1802.05,1900.0,,309.0,95.0,160.0,50.0,,,,,
ILS_v1,5X,IncT5x_9,3,3.0,98773.293,,,1641.385,1800.513,1900.0,,309.0,95.0,160.0,50.0,,,,,
ILS_v1,5X,IncT5x_9,4,4.0,84530.898,,,1655.685,1801.099,1900.0,,307.0,95.0,160.0,50.0,,,,,
ILS_v1,5X,IncT5x_9,5,5.0,74600.689,,,1393.035,1800.513,1900.0,,314.0,95.0,160.0,50.0,,,,,
ILS_v1,5X,IncT5x_9,6,6.0,76039.729,,,1697.552,1801.331,1900.0,,319.0,95.0,160.0,50.0,,,,,
ILS_v1,5X,IncT5x_9,7,7.0,88579.329,,,1798.761,1801.955,1900.0,,296.0,95.0,160.0,50.0,,,,,
ILS_v1,5X,IncT5x_9,8,8.0,69121.466,,,1798.994,1801.958,1900.0,,318.0,95.0,160.0,50.0,,,,,
ILS_v1,5X,IncT5x_9,9,9.0,88183.28,,,1397.716,1802.456,1900.0,,303.0,95.0,160.0,50.0,,,,,
ILS_v1,5X,IncT5x_9,10,10.0,101878.261,,,1443.795,1800.696,1900.0,,289.0,95.0,160.0,50.0,,,,,
ILS_v1,Real,Ale_1,1,1.0,100569.996,,,1306.48,1800.143,1900.0,,6283.0,25.0,161.0,50.0,,,,,
ILS_v1,Real,Ale_1,2,2.0,120333.509,,,1138.091,1800.178,1900.0,,6103.0,25.0,161.0,50.0,,,,,
ILS_v1,Real,Ale_1,3,3.0,116774.007,,,804.976,1800.089,1900.0,,6208.0,25.0,161.0,50.0,,,,,
ILS_v1,Real,Ale_1,4,4.0,121253.676,,,1168.544,1800.146,1900.0,,5928.0,25.0,161.0,50.0,,,,,
ILS_v1,Real,Ale_1,5,5.0,114409.647,,,1209.385,1800.285,1900.0,,6262.0,25.0,161.0,50.0,,,,,
ILS_v1,Real,Ale_1,6,6.0,131077.052,,,1502.175,1800.224,1900.0,,6467.0,25.0,161.0,50.0,,,,,
ILS_v1,Real,Ale_1,7,7.0,109015.908,,,1168.001,1800.138,1900.0,,6652.0,25.0,161.0,50.0,,,,,
ILS_v1,Real,Ale_1,8,8.0,113773.961,,,939.541,1800.226,1900.0,,6473.0,25.0,161.0,50.0,,,,,
ILS_v1,Real,Ale_1,9,9.0,113466.34,,,781.854,1800.147,1900.0,,6413.0,25.0,161.0,50.0,,,,,
ILS_v1,Real,Ale_1,10,10.0,129855.962,,,1310.204,1800.034,1900.0,,6299.0,25.0,161.0,50.0,,,,,
ILS_v1,Real,Ale_10,1,1.0,7654.913,,,892.256,1800.101,1900.0,,6065.0,19.0,160.0,50.0,,,,,
ILS_v1,Real,Ale_10,2,2.0,11459.463,,,1097.423,1800.058,1900.0,,5960.0,19.0,160.0,50.0,,,,,
ILS_v1,Real,Ale_10,3,3.0,7142.758,,,819.011,1800.104,1900.0,,6030.0,19.0,160.0,50.0,,,,,
ILS_v1,Real,Ale_10,4,4.0,14168.789,,,716.48,1800.059,1900.0,,5984.0,19.0,160.0,50.0,,,,,
ILS_v1,Real,Ale_10,5,5.0,12454.996,,,566.335,1800.014,1900.0,,6027.0,19.0,160.0,50.0,,,,,
ILS_v1,Real,Ale_10,6,6.0,11986.948,,,1045.133,1800.316,1900.0,,6018.0,19.0,160.0,50.0,,,,,
ILS_v1,Real,Ale_10,7,7.0,12479.733,,,788.357,1800.159,1900.0,,5976.0,19.0,160.0,50.0,,,,,
ILS_v1,Real,Ale_10,8,8.0,12892.757,,,1714.261,1800.012,1900.0,,5874.0,19.0,160.0,50.0,,,,,
ILS_v1,Real,Ale_10,9,9.0,8340.713,,,721.439,1800.065,1900.0,,6049.0,19.0,160.0,50.0,,,,,
ILS_v1,Real,Ale_10,10,10.0,8546.394,,,905.73,1800.138,1900.0,,6055.0,19.0,160.0,50.0,,,,,
ILS_v1,Real,Ale_2,1,1.0,109691.358,,,491.489,1800.218,1900.0,,10346.0,19.0,160.0,50.0,,,,,
ILS_v1,Real,Ale_2,2,2.0,109572.72,,,651.752,1800.015,1900.0,,10241.0,19.0,160.0,50.0,,,,,
ILS_v1,Real,Ale_2,3,3.0,112294.467,,,551.93,1800.134,1900.0,,10562.0,19.0,160.0,50.0,,,,,
ILS_v1,Real,Ale_2,4,4.0,117292.491,,,459.914,1800.085,1900.0,,10710.0,19.0,160.0,50.0,,,,,
ILS_v1,Real,Ale_2,5,5.0,115928.677,,,599.303,1800.051,1900.0,,10443.0,19.0,160.0,50.0,,,,,
ILS_v1,Real,Ale_2,6,6.0,106010.389,,,636.038,1800.084,1900.0,,10832.0,19.0,160.0,50.0,,,,,
ILS_v1,Real,Ale_2,7,7.0,111077.444,,,598.214,1800.083,1900.0,,10790.0,19.0,160.0,50.0,,,,,
ILS_v1,Real,Ale_2,8,8.0,105702.766,,,730.082,1800.052,1900.0,,10729.0,19.0,160.0,50.0,,,,,
ILS_v1,Real,Ale_2,9,9.0,109486.51,,,722.695,1800.052,1900.0,,10704.0,19.0,160.0,50.0,,,,,
ILS_v1,Real,Ale_2,10,10.0,110014.426,,,465.506,1800.036,1900.0,,10890.0,19.0,160.0,50.0,,,,,
ILS_v1,Real,Ale_3,1,1.0,47336.226,,,496.884,1800.054,1900.0,,10790.0,19.0,160.0,50.0,,,,,
ILS_v1,Real,Ale_3,2,2.0,54714.339,,,430.163,1800.066,1900.0,,10813.0,19.0,160.0,50.0,,,,,
ILS_v1,Real,Ale_3,3,3.0,46984.218,,,545.004,1800.092,1900.0,,10987.0,19.0,160.0,50.0,,,,,
ILS_v1,Real,Ale_3,4,4.0,48426.374,,,548.812,1800.047,1900.0,,10670.0,19.0,160.0,50.0,,,,,
ILS_v1,Real,Ale_3,5,5.0,51801.169,,,567.758,1800.103,1900.0,,10994.0,19.0,160.0,50.0,,,,,
ILS_v1,Real,Ale_3,6,6.0,51233.746,,,517.966,1800.102,1900.0,,11025.0,19.0,160.0,50.0,,,,,
ILS_v1,Real,Ale_3,7,7.0,53384.266,,,593.632,1800.013,1900.0,,10357.0,19.0,160.0,50.0,,,,,
ILS_v1,Real,Ale_3,8,8.0,44119.473,,,642.929,1800.053,1900.0,,10998.0,19.0,160.0,50.0,,,,,
ILS_v1,Real,Ale_3,9,9.0,46282.935,,,928.638,1800.09,1900.0,,10715.0,19.0,160.0,50.0,,,,,
ILS_v1,Real,Ale_3,10,10.0,49612.919,,,911.448,1800.055,1900.0,,10619.0,19.0,160.0,50.0,,,,,
ILS_v1,Real,Ale_4,1,1.0,132337.818,,,630.004,1800.102,1900.0,,6263.0,19.0,160.0,50.0,,,,,
ILS_v1,Real,Ale_4,2,2.0,138216.485,,,643.277,1800.226,1900.0,,6269.0,19.0,160.0,50.0,,,,,
ILS_v1,Real,Ale_4,3,3.0,131609.185,,,590.278,1800.02,1900.0,,6180.0,19.0,160.0,50.0,,,,,
ILS_v1,Real,Ale_4,4,4.0,128457.26,,,644.28,1800.066,1900.0,,6338.0,19.0,160.0,50.0,,,,,
ILS_v1,Real,Ale_4,5,5.0,139242.876,,,808.603,1800.048,1900.0,,6311.0,19.0,160.0,50.0,,,,,
ILS_v1,Real,Ale_4,6,6.0,133319.418,,,1796.652,1800.153,1900.0,,6077.0,19.0,160.0,50.0,,,,,
ILS_v1,Real,Ale_4,7,7.0,135679.839,,,968.976,1800.407,1900.0,,6233.0,19.0,160.0,50.0,,,,,
ILS_v1,Real,Ale_4,8,8.0,137862.689,,,821.085,1800.184,1900.0,,6326.0,19.0,160.0,50.0,,,,,
ILS_v1,Real,Ale_4,9,9.0,137354.802,,,713.291,1800.088,1900.0,,6203.0,19.0,160.0,50.0,,,,,
ILS_v1,Real,Ale_4,10,10.0,138582.514,,,883.855,1800.129,1900.0,,6166.0,19.0,160.0,50.0,,,,,
ILS_v1,Real,Ale_5,1,1.0,48452.357,,,707.492,1800.054,1900.0,,6164.0,19.0,160.0,50.0,,,,,
ILS_v1,Real,Ale_5,2,2.0,58685.65,,,799.191,1800.147,1900.0,,6033.0,19.0,160.0,50.0,,,,,
ILS_v1,Real,Ale_5,3,3.0,56329.176,,,814.106,1800.0,1900.0,,6070.0,19.0,160.0,50.0,,,,,
ILS_v1,Real,Ale_5,4,4.0,51079.313,,,1748.537,1800.007,1900.0,,5987.0,19.0,160.0,50.0,,,,,
ILS_v1,Real,Ale_5,5,5.0,50477.254,,,869.332,1800.085,1900.0,,5873.0,19.0,160.0,50.0,,,,,
ILS_v1,Real,Ale_5,6,6.0,54136.992,,,1061.669,1800.129,1900.0,,5982.0,19.0,160.0,50.0,,,,,
ILS_v1,Real,Ale_5,7,7.0,59417.426,,,631.141,1800.127,1900.0,,5961.0,19.0,160.0,50.0,,,,,
ILS_v1,Real,Ale_5,8,8.0,55024.898,,,584.79,1800.186,1900.0,,6160.0,19.0,160.0,50.0,,,,,
ILS_v1,Real,Ale_5,9,9.0,59437.147,,,749.09,1800.072,1900.0,,5933.0,19.0,160.0,50.0,,,,,
ILS_v1,Real,Ale_5,10,10.0,48181.896,,,554.938,1800.165,1900.0,,5950.0,19.0,160.0,50.0,,,,,
ILS_v1,Real,Ale_6,1,1.0,83601.633,,,793.452,1800.441,1900.0,,5723.0,19.0,160.0,50.0,,,,,
ILS_v1,Real,Ale_6,2,2.0,76941.963,,,1115.714,1800.024,1900.0,,5716.0,19.0,160.0,50.0,,,,,
ILS_v1,Real,Ale_6,3,3.0,77091.574,,,609.178,1800.027,1900.0,,5728.0,19.0,160.0,50.0,,,,,
ILS_v1,Real,Ale_6,4,4.0,76558.674,,,714.93,1800.175,1900.0,,5741.0,19.0,160.0,50.0,,,,,
ILS_v1,Real,Ale_6,5,5.0,83934.449,,,591.284,1800.336,1900.0,,5427.0,19.0,160.0,50.0,,,,,
ILS_v1,Real,Ale_6,6,6.0,72724.29,,,1006.793,1800.109,1900.0,,5842.0,19.0,160.0,50.0,,,,,
ILS_v1,Real,Ale_6,7,7.0,69353.482,,,839.829,1800.106,1900.0,,5924.0,19.0,160.0,50.0,,,,,
ILS_v1,Real,Ale_6,8,8.0,75585.11,,,585.717,1800.159,1900.0,,5878.0,19.0,160.0,50.0,,,,,
ILS_v1,Real,Ale_6,9,9.0,84719.936,,,706.869,1800.21,1900.0,,5467.0,19.0,160.0,50.0,,,,,
ILS_v1,Real,Ale_6,10,10.0,74261.923,,,1253.897,1800.058,1900.0,,5600.0,19.0,160.0,50.0,,,,,
ILS_v1,Real,Ale_7,1,1.0,19781.036,,,1179.613,1800.028,1900.0,,5871.0,19.0,160.0,50.0,,,,,
ILS_v1,Real,Ale_7,2,2.0,24363.205,,,551.472,1800.029,1900.0,,5675.0,19.0,160.0,50.0,,,,,
ILS_v1,Real,Ale_7,3,3.0,21024.717,,,527.492,1800.038,1900.0,,5851.0,19.0,160.0,50.0,,,,,
ILS_v1,Real,Ale_7,4,4.0,17718.183,,,1136.699,1800.124,1900.0,,5864.0,19.0,160.0,50.0,,,,,
ILS_v1,Real,Ale_7,5,5.0,20633.198,,,621.888,1800.545,1900.0,,5829.0,19.0,160.0,50.0,,,,,
ILS_v1,Real,Ale_7,6,6.0,18826.431,,,581.993,1800.124,1900.0,,5950.0,19.0,160.0,50.0,,,,,
ILS_v1,Real,Ale_7,7,7.0,22912.26,,,1022.162,1800.087,1900.0,,5868.0,19.0,160.0,50.0,,,,,
ILS_v1,Real,Ale_7,8,8.0,23127.605,,,1072.603,1800.012,1900.0,,5770.0,19.0,160.0,50.0,,,,,
ILS_v1,Real,Ale_7,9,9.0,22612.131,,,465.55,1800.182,1900.0,,5640.0,19.0,160.0,50.0,,,,,
ILS_v1,Real,Ale_7,10,10.0,19540.277,,,682.549,1800.1,1900.0,,5998.0,19.0,160.0,50.0,,,,,
ILS_v1,Real,Ale_8,1,1.0,183623.921,,,1714.243,1800.011,1900.0,,6055.0,19.0,160.0,50.0,,,,,
ILS_v1,Real,Ale_8,2,2.0,172565.104,,,769.88,1800.173,1900.0,,6116.0,19.0,160.0,50.0,,,,,
ILS_v1,Real,Ale_8,3,3.0,169859.614,,,962.59,1800.104,1900.0,,6090.0,19.0,160.0,50.0,,,,,
ILS_v1,Real,Ale_8,4,4.0,164214.724,,,655.681,1800.202,1900.0,,6087.0,19.0,160.0,50.0,,,,,
ILS_v1,Real,Ale_8,5,5.0,176939.314,,,968.243,1800.321,1900.0,,5983.0,19.0,160.0,50.0,,,,,
ILS_v1,Real,Ale_8,6,6.0,176130.355,,,971.088,1800.431,1900.0,,6106.0,19.0,160.0,50.0,,,,,
ILS_v1,Real,Ale_8,7,7.0,182920.28,,,623.654,1800.026,1900.0,,6009.0,19.0,160.0,50.0,,,,,
ILS_v1,Real,Ale_8,8,8.0,185688.756,,,908.966,1800.189,1900.0,,5939.0,19.0,160.0,50.0,,,,,
ILS_v1,Real,Ale_8,9,9.0,165824.298,,,518.643,1800.211,1900.0,,6114.0,19.0,160.0,50.0,,,,,
ILS_v1,Real,Ale_8,10,10.0,180964.531,,,830.896,1800.21,1900.0,,6182.0,19.0,160.0,50.0,,,,,
ILS_v1,Real,Ale_9,1,1.0,19243.624,,,458.598,1800.08,1900.0,,6071.0,19.0,160.0,50.0,,,,,
ILS_v1,Real,Ale_9,2,2.0,17052.824,,,919.087,1800.01,1900.0,,5867.0,19.0,160.0,50.0,,,,,
ILS_v1,Real,Ale_9,3,3.0,16732.347,,,1218.247,1800.286,1900.0,,5875.0,19.0,160.0,50.0,,,,,
ILS_v1,Real,Ale_9,4,4.0,22349.793,,,704.616,1800.082,1900.0,,5796.0,19.0,160.0,50.0,,,,,
ILS_v1,Real,Ale_9,5,5.0,17066.773,,,944.242,1800.081,1900.0,,5930.0,19.0,160.0,50.0,,,,,
ILS_v1,Real,Ale_9,6,6.0,19682.86,,,728.093,1800.255,1900.0,,5906.0,19.0,160.0,50.0,,,,,
ILS_v1,Real,Ale_9,7,7.0,21458.421,,,567.167,1800.189,1900.0,,5862.0,19.0,160.0,50.0,,,,,
ILS_v1,Real,Ale_9,8,8.0,19912.547,,,502.941,1800.006,1900.0,,5736.0,19.0,160.0,50.0,,,,,
ILS_v1,Real,Ale_9,9,9.0,21941.37,,,800.787,1800.112,1900.0,,5922.0,19.0,160.0,50.0,,,,,
ILS_v1,Real,Ale_9,10,10.0,19106.198,,,1565.417,1800.419,1900.0,,5984.0,19.0,160.0,50.0,,,,,
ILS_v2,2X,IncT2X_1,1,1.0,42278.155,,,3055.493,3606.708,3600.0,,319.0,38.0,160.0,50.0,,,,,
ILS_v2,2X,IncT2X_1,2,2.0,42520.324,,,3496.571,3601.514,3600.0,,293.0,38.0,160.0,50.0,,,,,
ILS_v2,2X,IncT2X_1,3,3.0,44079.813,,,3545.629,3603.837,3600.0,,292.0,38.0,160.0,50.0,,,,,
ILS_v2,2X,IncT2X_1,4,4.0,44293.816,,,2786.397,3604.524,3600.0,,293.0,38.0,160.0,50.0,,,,,
ILS_v2,2X,IncT2X_1,5,5.0,45425.166,,,3550.974,3605.007,3600.0,,294.0,38.0,160.0,50.0,,,,,
ILS_v2,2X,IncT2X_1,6,6.0,42830.214,,,2910.533,3601.412,3600.0,,287.0,38.0,160.0,50.0,,,,,
ILS_v2,2X,IncT2X_1,7,7.0,44712.559,,,3300.741,3601.525,3600.0,,279.0,38.0,160.0,50.0,,,,,
ILS_v2,2X,IncT2X_1,8,8.0,44338.326,,,3380.387,3601.424,3600.0,,301.0,38.0,160.0,50.0,,,,,
ILS_v2,2X,IncT2X_1,9,9.0,44318.616,,,3569.577,3604.182,3600.0,,294.0,38.0,160.0,50.0,,,,,
ILS_v2,2X,IncT2X_1,10,10.0,43545.673,,,1302.618,3603.204,3600.0,,313.0,38.0,160.0,50.0,,,,,
ILS_v2,2X,IncT2X_10,1,1.0,11240.278,,,2907.563,3605.256,3600.0,,292.0,38.0,160.0,50.0,,,,,
ILS_v2,2X,IncT2X_10,2,2.0,10443.157,,,3573.541,3604.296,3600.0,,291.0,38.0,160.0,50.0,,,,,
ILS_v2,2X,IncT2X_10,3,3.0,10038.565,,,3274.55,3600.547,3600.0,,307.0,38.0,160.0,50.0,,,,,
ILS_v2,2X,IncT2X_10,4,4.0,9772.03,,,3441.649,3605.929,3600.0,,295.0,38.0,160.0,50.0,,,,,
ILS_v2,2X,IncT2X_10,5,5.0,8862.78,,,3337.298,3602.028,3600.0,,293.0,38.0,160.0,50.0,,,,,
ILS_v2,2X,IncT2X_10,6,6.0,9564.205,,,3257.612,3601.284,3600.0,,287.0,38.0,160.0,50.0,,,,,
ILS_v2,2X,IncT2X_10,7,7.0,10960.784,,,3398.846,3603.579,3600.0,,306.0,38.0,160.0,50.0,,,,,
ILS_v2,2X,IncT2X_10,8,8.0,10509.304,,,3228.956,3608.452,3600.0,,304.0,38.0,160.0,50.0,,,,,
ILS_v2,2X,IncT2X_10,9,9.0,10526.569,,,3438.517,3605.076,3600.0,,301.0,38.0,160.0,50.0,,,,,
ILS_v2,2X,IncT2X_10,10,10.0,10120.79,,,3380.717,3602.05,3600.0,,298.0,38.0,160.0,50.0,,,,,
ILS_v2,2X,IncT2X_2,1,1.0,106805.948,,,3556.113,3604.868,3600.0,,373.0,38.0,160.0,50.0,,,,,
ILS_v2,2X,IncT2X_2,2,2.0,107573.659,,,2154.662,3603.011,3600.0,,355.0,38.0,160.0,50.0,,,,,
ILS_v2,2X,IncT2X_2,3,3.0,110928.766,,,3218.087,3605.799,3600.0,,355.0,38.0,160.0,50.0,,,,,
ILS_v2,2X,IncT2X_2,4,4.0,106776.062,,,3189.018,3606.911,3600.0,,359.0,38.0,160.0,50.0,,,,,
ILS_v2,2X,IncT2X_2,5,5.0,112552.216,,,3266.834,3607.651,3600.0,,368.0,38.0,160.0,50.0,,,,,
ILS_v2,2X,IncT2X_2,6,6.0,110808.719,,,3591.33,3603.951,3600.0,,358.0,38.0,160.0,50.0,,,,,
ILS_v2,2X,IncT2X_2,7,7.0,111174.465,,,3065.48,3607.455,3600.0,,375.0,38.0,160.0,50.0,,,,,
ILS_v2,2X,IncT2X_2,8,8.0,108505.169,,,2233.373,3608.46,3600.0,,370.0,38.0,160.0,50.0,,,,,
ILS_v2,2X,IncT2X_2,9,9.0,110677.688,,,3194.734,3606.678,3600.0,,360.0,38.0,160.0,50.0,,,,,
ILS_v2,2X,IncT2X_2,10,10.0,113791.744,,,3106.761,3600.38,3600.0,,364.0,38.0,160.0,50.0,,,,,
ILS_v2,2X,IncT2X_3,1,1.0,48821.477,,,3027.805,3612.486,3600.0,,347.0,38.0,160.0,50.0,,,,,
ILS_v2,2X,IncT2X_3,2,2.0,47402.775,,,2711.572,3616.13,3600.0,,341.0,38.0,160.0,50.0,,,,,
ILS_v2,2X,IncT2X_3,3,3.0,48691.831,,,3479.807,3602.848,3600.0,,327.0,38.0,160.0,50.0,,,,,
ILS_v2,2X,IncT2X_3,4,4.0,49316.686,,,3336.863,3600.344,3600.0,,345.0,38.0,160.0,50.0,,,,,
ILS_v2,2X,IncT2X_3,5,5.0,49372.614,,,3408.032,3606.075,3600.0,,321.0,38.0,160.0,50.0,,,,,
ILS_v2,2X,IncT2X_3,6,6.0,49796.458,,,2942.948,3604.078,3600.0,,334.0,38.0,160.0,50.0,,,,,
ILS_v2,2X,IncT2X_3,7,7.0,47026.985,,,3399.4,3607.056,3600.0,,341.0,38.0,160.0,50.0,,,,,
ILS_v2,2X,IncT2X_3,8,8.0,46584.081,,,3365.069,3604.034,3600.0,,323.0,38.0,160.0,50.0,,,,,
ILS_v2,2X,IncT2X_3,9,9.0,45168.086,,,2051.557,3600.419,3600.0,,330.0,38.0,160.0,50.0,,,,,
ILS_v2,2X,IncT2X_3,10,10.0,49127.21,,,2593.191,3606.607,3600.0,,337.0,38.0,160.0,50.0,,,,,
ILS_v2,2X,IncT2X_4,1,1.0,134530.483,,,2205.16,3602.443,3600.0,,330.0,38.0,160.0,50.0,,,,,
ILS_v2,2X,IncT2X_4,2,2.0,138288.751,,,3567.782,3603.116,3600.0,,330.0,38.0,160.0,50.0,,,,,
ILS_v2,2X,IncT2X_4,3,3.0,136790.459,,,3555.446,3604.586,3600.0,,330.0,38.0,160.0,50.0,,,,,
ILS_v2,2X,IncT2X_4,4,4.0,134190.224,,,1558.411,3607.864,3600.0,,332.0,38.0,160.0,50.0,,,,,
ILS_v2,2X,IncT2X_4,5,5.0,133316.912,,,2233.682,3603.313,3600.0,,343.0,38.0,160.0,50.0,,,,,
ILS_v2,2X,IncT2X_4,6,6.0,140517.153,,,1835.384,3600.545,3600.0,,319.0,38.0,160.0,50.0,,,,,
ILS_v2,2X,IncT2X_4,7,7.0,134866.306,,,2838.758,3606.578,3600.0,,332.0,38.0,160.0,50.0,,,,,
ILS_v2,2X,IncT2X_4,8,8.0,133867.308,,,3370.347,3605.143,3600.0,,338.0,38.0,160.0,50.0,,,,,
ILS_v2,2X,IncT2X_4,9,9.0,135185.967,,,3508.329,3603.635,3600.0,,342.0,38.0,160.0,50.0,,,,,
ILS_v2,2X,IncT2X_4,10,10.0,134175.9,,,3451.597,3602.638,3600.0,,331.0,38.0,160.0,50.0,,,,,
ILS_v2,2X,IncT2X_5,1,1.0,40808.641,,,2933.904,3607.437,3600.0,,298.0,38.0,160.0,50.0,,,,,
ILS_v2,2X,IncT2X_5,2,2.0,40511.241,,,3039.193,3601.933,3600.0,,267.0,38.0,160.0,50.0,,,,,
ILS_v2,2X,IncT2X_5,3,3.0,39862.583,,,3070.671,3608.327,3600.0,,275.0,38.0,160.0,50.0,,,,,
ILS_v2,2X,IncT2X_5,4,4.0,38391.644,,,3260.066,3607.307,3600.0,,276.0,38.0,160.0,50.0,,,,,
ILS_v2,2X,IncT2X_5,5,5.0,40856.266,,,2704.31,3605.208,3600.0,,270.0,38.0,160.0,50.0,,,,,
ILS_v2,2X,IncT2X_5,6,6.0,39885.883,,,2986.666,3606.653,3600.0,,281.0,38.0,160.0,50.0,,,,,
ILS_v2,2X,IncT2X_5,7,7.0,46393.846,,,3260.97,3601.188,3600.0,,298.0,38.0,160.0,50.0,,,,,
ILS_v2,2X,IncT2X_5,8,8.0,39924.783,,,2105.192,3608.789,3600.0,,278.0,38.0,160.0,50.0,,,,,
ILS_v2,2X,IncT2X_5,9,9.0,38494.144,,,3528.031,3600.359,3600.0,,280.0,38.0,160.0,50.0,,,,,
ILS_v2,2X,IncT2X_5,10,10.0,51260.256,,,3523.111,3605.689,3600.0,,289.0,38.0,160.0,50.0,,,,,
ILS_v2,2X,IncT2X_6,1,1.0,74534.638,,,2452.118,3605.953,3600.0,,293.0,38.0,160.0,50.0,,,,,
ILS_v2,2X,IncT2X_6,2,2.0,76453.905,,,2571.3,3605.161,3600.0,,303.0,38.0,160.0,50.0,,,,,
ILS_v2,2X,IncT2X_6,3,3.0,73957.432,,,3069.055,3604.141,3600.0,,293.0,38.0,160.0,50.0,,,,,
ILS_v2,2X,IncT2X_6,4,4.0,74370.719,,,2324.475,3604.19,3600.0,,291.0,38.0,160.0,50.0,,,,,
ILS_v2,2X,IncT2X_6,5,5.0,73292.373,,,2784.253,3602.802,3600.0,,319.0,38.0,160.0,50.0,,,,,
ILS_v2,2X,IncT2X_6,6,6.0,71405.102,,,3381.141,3608.587,3600.0,,307.0,38.0,160.0,50.0,,,,,
ILS_v2,2X,IncT2X_6,7,7.0,76580.265,,,3028.097,3602.141,3600.0,,296.0,38.0,160.0,50.0,,,,,
ILS_v2,2X,IncT2X_6,8,8.0,78941.952,,,2957.333,3610.311,3600.0,,308.0,38.0,160.0,50.0,,,,,
ILS_v2,2X,IncT2X_6,9,9.0,71423.816,,,3369.401,3604.513,3600.0,,291.0,38.0,160.0,50.0,,,,,
ILS_v2,2X,IncT2X_6,10,10.0,74007.145,,,2243.028,3602.214,3600.0,,294.0,38.0,160.0,50.0,,,,,
ILS_v2,2X,IncT2X_7,1,1.0,13964.65,,,3521.599,3612.8,3600.0,,289.0,38.0,160.0,50.0,,,,,
ILS_v2,2X,IncT2X_7,2,2.0,15255.32,,,1760.644,3605.263,3600.0,,280.0,38.0,160.0,50.0,,,,,
ILS_v2,2X,IncT2X_7,3,3.0,15244.87,,,3054.159,3604.921,3600.0,,285.0,38.0,160.0,50.0,,,,,
ILS_v2,2X,IncT2X_7,4,4.0,14007.8,,,898.301,3608.469,3600.0,,284.0,38.0,160.0,50.0,,,,,
ILS_v2,2X,IncT2X_7,5,5.0,14721.817,,,2515.874,3619.719,3600.0,,314.0,38.0,160.0,50.0,,,,,
ILS_v2,2X,IncT2X_7,6,6.0,13970.275,,,1839.257,3602.105,3600.0,,302.0,38.0,160.0,50.0,,,,,
ILS_v2,2X,IncT2X_7,7,7.0,15244.87,,,2146.918,3613.279,3600.0,,296.0,38.0,160.0,50.0,,,,,
ILS_v2,2X,IncT2X_7,8,8.0,16693.413,,,3237.761,3601.202,3600.0,,279.0,38.0,160.0,50.0,,,,,
ILS_v2,2X,IncT2X_7,9,9.0,14020.075,,,3592.462,3604.725,3600.0,,292.0,38.0,160.0,50.0,,,,,
ILS_v2,2X,IncT2X_7,10,10.0,14321.4,,,3457.636,3602.568,3600.0,,296.0,38.0,160.0,50.0,,,,,
ILS_v2,2X,IncT2X_8,1,1.0,176545.061,,,2127.929,3600.473,3600.0,,351.0,38.0,160.0,50.0,,,,,
ILS_v2,2X,IncT2X_8,2,2.0,173543.374,,,3123.609,3601.329,3600.0,,342.0,38.0,160.0,50.0,,,,,
ILS_v2,2X,IncT2X_8,3,3.0,174627.022,,,2017.011,3608.632,3600.0,,326.0,38.0,160.0,50.0,,,,,
ILS_v2,2X,IncT2X_8,4,4.0,174150.6,,,2859.879,3602.677,3600.0,,320.0,38.0,160.0,50.0,,,,,
ILS_v2,2X,IncT2X_8,5,5.0,179313.071,,,2828.005,3610.092,3600.0,,354.0,38.0,160.0,50.0,,,,,
ILS_v2,2X,IncT2X_8,6,6.0,177334.033,,,3040.872,3602.024,3600.0,,333.0,38.0,160.0,50.0,,,,,
ILS_v2,2X,IncT2X_8,7,7.0,172193.717,,,2602.72,3609.525,3600.0,,352.0,38.0,160.0,50.0,,,,,
ILS_v2,2X,IncT2X_8,8,8.0,179712.419,,,3152.101,3604.987,3600.0,,331.0,38.0,160.0,50.0,,,,,
ILS_v2,2X,IncT2X_8,9,9.0,170021.061,,,2106.266,3605.961,3600.0,,339.0,38.0,160.0,50.0,,,,,
ILS_v2,2X,IncT2X_8,10,10.0,171590.77,,,1989.112,3600.663,3600.0,,333.0,38.0,160.0,50.0,,,,,
ILS_v2,2X,IncT2X_9,1,1.0,20561.563,,,3478.726,3604.302,3600.0,,282.0,38.0,160.0,50.0,,,,,
ILS_v2,2X,IncT2X_9,2,2.0,19182.946,,,2083.525,3602.662,3600.0,,275.0,38.0,160.0,50.0,,,,,
ILS_v2,2X,IncT2X_9,3,3.0,20879.021,,,3453.25,3600.817,3600.0,,271.0,38.0,160.0,50.0,,,,,
ILS_v2,2X,IncT2X_9,4,4.0,20879.321,,,3189.815,3602.596,3600.0,,287.0,38.0,160.0,50.0,,,,,
ILS_v2,2X,IncT2X_9,5,5.0,19647.197,,,3281.772,3608.105,3600.0,,268.0,38.0,160.0,50.0,,,,,
ILS_v2,2X,IncT2X_9,6,6.0,21826.442,,,3240.872,3603.102,3600.0,,287.0,38.0,160.0,50.0,,,,,
ILS_v2,2X,IncT2X_9,7,7.0,20310.998,,,3598.183,3603.554,3600.0,,277.0,38.0,160.0,50.0,,,,,
ILS_v2,2X,IncT2X_9,8,8.0,20909.599,,,3208.533,3615.175,3600.0,,260.0,38.0,160.0,50.0,,,,,
ILS_v2,2X,IncT2X_9,9,9.0,20639.178,,,3595.517,3609.486,3600.0,,289.0,38.0,160.0,50.0,,,,,
ILS_v2,2X,IncT2X_9,10,10.0,20830.346,,,3357.029,3605.169,3600.0,,272.0,38.0,160.0,50.0,,,,,
ILS_v2,3X,IncT3x_1,1,1.0,47424.765,,,2895.29,3651.369,3600.0,,20.0,57.0,160.0,50.0,,,,,
ILS_v2,3X,IncT3x_1,2,2.0,55525.366,,,3062.678,3632.288,3600.0,,22.0,57.0,160.0,50.0,,,,,
ILS_v2,3X,IncT3x_1,3,3.0,48976.376,,,3143.728,3660.551,3600.0,,21.0,57.0,160.0,50.0,,,,,
ILS_v2,3X,IncT3x_1,4,4.0,48646.622,,,950.777,3656.101,3600.0,,30.0,57.0,160.0,50.0,,,,,
ILS_v2,3X,IncT3x_1,5,5.0,53176.685,,,2378.517,3667.961,3600.0,,20.0,57.0,160.0,50.0,,,,,
ILS_v2,3X,IncT3x_1,6,6.0,46931.051,,,3520.13,3660.473,3600.0,,18.0,57.0,160.0,50.0,,,,,
ILS_v2,3X,IncT3x_1,7,7.0,46421.26,,,3589.723,3710.524,3600.0,,21.0,57.0,160.0,50.0,,,,,
ILS_v2,3X,IncT3x_1,8,8.0,48775.084,,,2635.73,3621.876,3600.0,,18.0,57.0,160.0,50.0,,,,,
ILS_v2,3X,IncT3x_1,9,9.0,48500.828,,,2406.231,3632.499,3600.0,,20.0,57.0,160.0,50.0,,,,,
ILS_v2,3X,IncT3x_1,10,10.0,46648.236,,,2407.56,3738.705,3600.0,,18.0,57.0,160.0,50.0,,,,,
ILS_v2,3X,IncT3x_10,1,1.0,16841.013,,,2759.758,3673.148,3600.0,,19.0,57.0,160.0,50.0,,,,,
ILS_v2,3X,IncT3x_10,2,2.0,15081.199,,,3001.856,3639.514,3600.0,,18.0,57.0,160.0,50.0,,,,,
ILS_v2,3X,IncT3x_10,3,3.0,16451.512,,,2717.496,3648.405,3600.0,,20.0,57.0,160.0,50.0,,,,,
ILS_v2,3X,IncT3x_10,4,4.0,14362.695,,,3052.428,3663.175,3600.0,,18.0,57.0,160.0,50.0,,,,,
ILS_v2,3X,IncT3x_10,5,5.0,16146.18,,,3477.368,3603.751,3600.0,,19.0,57.0,160.0,50.0,,,,,
ILS_v2,3X,IncT3x_10,6,6.0,16613.089,,,2852.301,3680.919,3600.0,,22.0,57.0,160.0,50.0,,,,,
ILS_v2,3X,IncT3x_10,7,7.0,13044.383,,,3269.335,3734.57,3600.0,,21.0,57.0,160.0,50.0,,,,,
ILS_v2,3X,IncT3x_10,8,8.0,14183.919,,,1140.547,3731.294,3600.0,,21.0,57.0,160.0,50.0,,,,,
ILS_v2,3X,IncT3x_10,9,9.0,17053.671,,,3343.264,3714.494,3600.0,,17.0,57.0,160.0,50.0,,,,,
ILS_v2,3X,IncT3x_10,10,10.0,14983.76,,,2050.803,3663.948,3600.0,,18.0,57.0,160.0,50.0,,,,,
ILS_v2,3X,IncT3x_2,1,1.0,126417.058,,,3508.75,3701.349,3600.0,,22.0,57.0,160.0,50.0,,,,,
ILS_v2,3X,IncT3x_2,2,2.0,119599.68,,,1392.598,3674.886,3600.0,,22.0,57.0,160.0,50.0,,,,,
ILS_v2,3X,IncT3x_2,3,3.0,116153.604,,,2688.695,3625.136,3600.0,,20.0,57.0,160.0,50.0,,,,,
ILS_v2,3X,IncT3x_2,4,4.0,124709.759,,,3501.089,3685.86,3600.0,,21.0,57.0,160.0,50.0,,,,,
ILS_v2,3X,IncT3x_2,5,5.0,119496.683,,,3519.727,3725.546,3600.0,,22.0,57.0,160.0,50.0,,,,,
ILS_v2,3X,IncT3x_2,6,6.0,117592.199,,,2334.16,3647.593,3600.0,,21.0,57.0,160.0,50.0,,,,,
ILS_v2,3X,IncT3x_2,7,7.0,112927.942,,,2940.458,3607.505,3600.0,,18.0,57.0,160.0,50.0,,,,,
ILS_v2,3X,IncT3x_2,8,8.0,124663.681,,,1157.662,3713.646,3600.0,,18.0,57.0,160.0,50.0,,,,,
ILS_v2,3X,IncT3x_2,9,9.0,118252.309,,,3212.762,3643.959,3600.0,,20.0,57.0,160.0,50.0,,,,,
ILS_v2,3X,IncT3x_2,10,10.0,131272.104,,,832.202,3635.225,3600.0,,23.0,57.0,160.0,50.0,,,,,
ILS_v2,3X,IncT3x_3,1,1.0,56061.264,,,2888.892,3722.004,3600.0,,22.0,57.0,160.0,50.0,,,,,
ILS_v2,3X,IncT3x_3,2,2.0,56575.612,,,2269.235,3713.354,3600.0,,16.0,57.0,160.0,50.0,,,,,
ILS_v2,3X,IncT3x_3,3,3.0,53658.865,,,2707.729,3750.995,3600.0,,18.0,57.0,160.0,50.0,,,,,
ILS_v2,3X,IncT3x_3,4,4.0,53394.381,,,2255.323,3647.289,3600.0,,21.0,57.0,160.0,50.0,,,,,
ILS_v2,3X,IncT3x_3,5,5.0,50505.825,,,2816.859,3607.007,3600.0,,22.0,57.0,160.0,50.0,,,,,
ILS_v2,3X,IncT3x_3,6,6.0,50853.935,,,1121.303,3655.215,3600.0,,20.0,57.0,160.0,50.0,,,,,
ILS_v2,3X,IncT3x_3,7,7.0,56966.85,,,2789.344,3680.069,3600.0,,18.0,57.0,160.0,50.0,,,,,
ILS_v2,3X,IncT3x_3,8,8.0,53114.064,,,1677.593,3645.079,3600.0,,20.0,57.0,160.0,50.0,,,,,
ILS_v2,3X,IncT3x_3,9,9.0,56017.457,,,272.662,3661.521,3600.0,,20.0,57.0,160.0,50.0,,,,,
ILS_v2,3X,IncT3x_3,10,10.0,55079.757,,,2997.966,3647.758,3600.0,,18.0,57.0,160.0,50.0,,,,,
ILS_v2,3X,IncT3x_4,1,1.0,145888.077,,,2884.869,3675.891,3600.0,,21.0,57.0,160.0,50.0,,,,,
ILS_v2,3X,IncT3x_4,2,2.0,140186.433,,,3591.836,3712.506,3600.0,,21.0,57.0,160.0,50.0,,,,,
ILS_v2,3X,IncT3x_4,3,3.0,141456.306,,,3494.563,3681.48,3600.0,,20.0,57.0,160.0,50.0,,,,,
ILS_v2,3X,IncT3x_4,4,4.0,142573.686,,,3370.134,3650.948,3600.0,,17.0,57.0,160.0,50.0,,,,,
ILS_v2,3X,IncT3x_4,5,5.0,137723.912,,,3557.573,3718.159,3600.0,,21.0,57.0,160.0,50.0,,,,,
ILS_v2,3X,IncT3x_4,6,6.0,145619.098,,,3466.203,3620.357,3600.0,,22.0,57.0,160.0,50.0,,,,,
ILS_v2,3X,IncT3x_4,7,7.0,140542.423,,,963.328,3801.621,3600.0,,17.0,57.0,160.0,50.0,,,,,
ILS_v2,3X,IncT3x_4,8,8.0,141799.764,,,3013.342,3684.426,3600.0,,22.0,57.0,160.0,50.0,,,,,
ILS_v2,3X,IncT3x_4,9,9.0,139422.377,,,3166.306,3636.744,3600.0,,16.0,57.0,160.0,50.0,,,,,
ILS_v2,3X,IncT3x_4,10,10.0,141281.097,,,3273.045,3616.467,3600.0,,20.0,57.0,160.0,50.0,,,,,
ILS_v2,3X,IncT3x_5,1,1.0,58114.421,,,3598.871,3603.2,3600.0,,22.0,57.0,160.0,50.0,,,,,
ILS_v2,3X,IncT3x_5,2,2.0,54219.924,,,2828.574,3755.915,3600.0,,18.0,57.0,160.0,50.0,,,,,
ILS_v2,3X,IncT3x_5,3,3.0,58173.147,,,3183.988,3604.554,3600.0,,18.0,57.0,160.0,50.0,,,,,
ILS_v2,3X,IncT3x_5,4,4.0,54082.829,,,1746.349,3605.24,3600.0,,17.0,57.0,160.0,50.0,,,,,
ILS_v2,3X,IncT3x_5,5,5.0,55480.952,,,3297.252,3621.84,3600.0,,17.0,57.0,160.0,50.0,,,,,
ILS_v2,3X,IncT3x_5,6,6.0,52268.849,,,1860.447,3709.855,3600.0,,17.0,57.0,160.0,50.0,,,,,
ILS_v2,3X,IncT3x_5,7,7.0,61541.301,,,1575.273,3630.454,3600.0,,19.0,57.0,160.0,50.0,,,,,
ILS_v2,3X,IncT3x_5,8,8.0,61783.737,,,2623.002,3666.313,3600.0,,17.0,57.0,160.0,50.0,,,,,
ILS_v2,3X,IncT3x_5,9,9.0,59182.358,,,3596.123,3601.088,3600.0,,16.0,57.0,160.0,50.0,,,,,
ILS_v2,3X,IncT3x_5,10,10.0,51987.339,,,2990.773,3717.32,3600.0,,19.0,57.0,160.0,50.0,,,,,
ILS_v2,3X,IncT3x_6,1,1.0,80976.855,,,2959.766,3697.49,3600.0,,18.0,57.0,160.0,50.0,,,,,
ILS_v2,3X,IncT3x_6,2,2.0,80664.048,,,3694.804,3699.237,3600.0,,19.0,57.0,160.0,50.0,,,,,
ILS_v2,3X,IncT3x_6,3,3.0,80707.002,,,2697.69,3658.973,3600.0,,20.0,57.0,160.0,50.0,,,,,
ILS_v2,3X,IncT3x_6,4,4.0,84315.897,,,2620.733,3657.889,3600.0,,19.0,57.0,160.0,50.0,,,,,
ILS_v2,3X,IncT3x_6,5,5.0,80805.982,,,2903.361,3655.528,3600.0,,17.0,57.0,160.0,50.0,,,,,
ILS_v2,3X,IncT3x_6,6,6.0,81170.009,,,3436.819,3634.522,3600.0,,17.0,57.0,160.0,50.0,,,,,
ILS_v2,3X,IncT3x_6,7,7.0,79045.162,,,3154.326,3717.281,3600.0,,16.0,57.0,160.0,50.0,,,,,
ILS_v2,3X,IncT3x_6,8,8.0,82175.03,,,1503.058,3605.574,3600.0,,16.0,57.0,160.0,50.0,,,,,
ILS_v2,3X,IncT3x_6,9,9.0,80339.909,,,2862.35,3709.863,3600.0,,21.0,57.0,160.0,50.0,,,,,
ILS_v2,3X,IncT3x_6,10,10.0,85413.351,,,3622.385,3628.134,3600.0,,15.0,57.0,160.0,50.0,,,,,
ILS_v2,3X,IncT3x_7,1,1.0,23264.617,,,3522.991,3670.992,3600.0,,19.0,57.0,160.0,50.0,,,,,
ILS_v2,3X,IncT3x_7,2,2.0,22465.668,,,1627.936,3608.025,3600.0,,18.0,57.0,160.0,50.0,,,,,
ILS_v2,3X,IncT3x_7,3,3.0,21362.957,,,1472.701,3673.274,3600.0,,18.0,57.0,160.0,50.0,,,,,
ILS_v2,3X,IncT3x_7,4,4.0,20633.358,,,2534.864,3673.206,3600.0,,19.0,57.0,160.0,50.0,,,,,
ILS_v2,3X,IncT3x_7,5,5.0,22269.096,,,1416.442,3731.463,3600.0,,18.0,57.0,160.0,50.0,,,,,
ILS_v2,3X,IncT3x_7,6,6.0,21667.763,,,641.59,3740.227,3600.0,,18.0,57.0,160.0,50.0,,,,,
ILS_v2,3X,IncT3x_7,7,7.0,23355.991,,,3072.24,3726.808,3600.0,,22.0,57.0,160.0,50.0,,,,,
ILS_v2,3X,IncT3x_7,8,8.0,21366.491,,,1342.132,3621.958,3600.0,,16.0,57.0,160.0,50.0,,,,,
ILS_v2,3X,IncT3x_7,9,9.0,21703.332,,,2336.74,3733.844,3600.0,,19.0,57.0,160.0,50.0,,,,,
ILS_v2,3X,IncT3x_7,10,10.0,23502.73,,,3141.766,3660.109,3600.0,,21.0,57.0,160.0,50.0,,,,,
ILS_v2,3X,IncT3x_8,1,1.0,179916.468,,,1460.1,3660.91,3600.0,,19.0,57.0,160.0,50.0,,,,,
ILS_v2,3X,IncT3x_8,2,2.0,179293.164,,,1946.013,3630.331,3600.0,,19.0,57.0,160.0,50.0,,,,,
ILS_v2,3X,IncT3x_8,3,3.0,185162.108,,,3151.392,3690.255,3600.0,,17.0,57.0,160.0,50.0,,,,,
ILS_v2,3X,IncT3x_8,4,4.0,185378.291,,,1388.084,3661.426,3600.0,,22.0,57.0,160.0,50.0,,,,,
ILS_v2,3X,IncT3x_8,5,5.0,180074.831,,,2054.949,3701.543,3600.0,,18.0,57.0,160.0,50.0,,,,,
ILS_v2,3X,IncT3x_8,6,6.0,184763.53,,,2437.099,3670.18,3600.0,,19.0,57.0,160.0,50.0,,,,,
ILS_v2,3X,IncT3x_8,7,7.0,190667.827,,,788.649,3723.234,3600.0,,22.0,57.0,160.0,50.0,,,,,
ILS_v2,3X,IncT3x_8,8,8.0,187188.403,,,3439.892,3642.921,3600.0,,16.0,57.0,160.0,50.0,,,,,
ILS_v2,3X,IncT3x_8,9,9.0,184934.46,,,2879.921,3718.237,3600.0,,18.0,57.0,160.0,50.0,,,,,
ILS_v2,3X,IncT3x_8,10,10.0,181714.56,,,1427.013,3696.708,3600.0,,20.0,57.0,160.0,50.0,,,,,
ILS_v2,3X,IncT3x_9,1,1.0,29985.913,,,3314.985,3694.553,3600.0,,17.0,57.0,160.0,50.0,,,,,
ILS_v2,3X,IncT3x_9,2,2.0,28657.003,,,2742.358,3638.697,3600.0,,17.0,57.0,160.0,50.0,,,,,
ILS_v2,3X,IncT3x_9,3,3.0,27116.225,,,3385.138,3843.643,3600.0,,16.0,57.0,160.0,50.0,,,,,
ILS_v2,3X,IncT3x_9,4,4.0,29334.185,,,2963.207,3668.126,3600.0,,18.0,57.0,160.0,50.0,,,,,
ILS_v2,3X,IncT3x_9,5,5.0,31435.975,,,2135.14,3822.662,3600.0,,18.0,57.0,160.0,50.0,,,,,
ILS_v2,3X,IncT3x_9,6,6.0,28358.964,,,1753.092,3627.559,3600.0,,17.0,57.0,160.0,50.0,,,,,
ILS_v2,3X,IncT3x_9,7,7.0,27297.327,,,2325.353,3698.63,3600.0,,17.0,57.0,160.0,50.0,,,,,
ILS_v2,3X,IncT3x_9,8,8.0,27069.28,,,3486.177,3701.153,3600.0,,16.0,57.0,160.0,50.0,,,,,
ILS_v2,3X,IncT3x_9,9,9.0,25388.89,,,3127.664,3658.792,3600.0,,19.0,57.0,160.0,50.0,,,,,
ILS_v2,3X,IncT3x_9,10,10.0,29355.7,,,2514.752,3659.206,3600.0,,17.0,57.0,160.0,50.0,,,,,
ILS_v2,4X,IncT4x_1,1,1.0,60722.191,,,2193.103,3654.29,3600.0,,13.0,76.0,160.0,50.0,,,,,
ILS_v2,4X,IncT4x_1,2,2.0,64003.094,,,2913.348,3748.191,3600.0,,13.0,76.0,160.0,50.0,,,,,
ILS_v2,4X,IncT4x_1,3,3.0,57415.375,,,3001.408,3815.214,3600.0,,15.0,76.0,160.0,50.0,,,,,
ILS_v2,4X,IncT4x_1,4,4.0,61873.366,,,2349.908,3622.353,3600.0,,11.0,76.0,160.0,50.0,,,,,
ILS_v2,4X,IncT4x_1,5,5.0,55959.758,,,3321.552,3679.787,3600.0,,13.0,76.0,160.0,50.0,,,,,
ILS_v2,4X,IncT4x_1,6,6.0,63119.476,,,3553.285,3846.105,3600.0,,12.0,76.0,160.0,50.0,,,,,
ILS_v2,4X,IncT4x_1,7,7.0,56962.476,,,3490.852,3789.744,3600.0,,11.0,76.0,160.0,50.0,,,,,
ILS_v2,4X,IncT4x_1,8,8.0,60694.665,,,1955.987,3745.397,3600.0,,12.0,76.0,160.0,50.0,,,,,
ILS_v2,4X,IncT4x_1,9,9.0,54208.086,,,3047.52,3740.699,3600.0,,14.0,76.0,160.0,50.0,,,,,
ILS_v2,4X,IncT4x_1,10,10.0,59120.723,,,2688.715,3671.324,3600.0,,12.0,76.0,160.0,50.0,,,,,
ILS_v2,4X,IncT4x_10,1,1.0,22682.472,,,2861.753,3690.724,3600.0,,13.0,76.0,160.0,50.0,,,,,
ILS_v2,4X,IncT4x_10,2,2.0,20906.763,,,2388.018,3653.17,3600.0,,11.0,76.0,160.0,50.0,,,,,
ILS_v2,4X,IncT4x_10,3,3.0,23221.553,,,2964.503,3821.55,3600.0,,11.0,76.0,160.0,50.0,,,,,
ILS_v2,4X,IncT4x_10,4,4.0,22245.292,,,2086.239,3824.65,3600.0,,12.0,76.0,160.0,50.0,,,,,
ILS_v2,4X,IncT4x_10,5,5.0,23129.202,,,3797.56,3802.811,3600.0,,15.0,76.0,160.0,50.0,,,,,
ILS_v2,4X,IncT4x_10,6,6.0,20157.417,,,2489.208,3667.102,3600.0,,11.0,76.0,160.0,50.0,,,,,
ILS_v2,4X,IncT4x_10,7,7.0,20557.924,,,2822.901,3816.127,3600.0,,15.0,76.0,160.0,50.0,,,,,
ILS_v2,4X,IncT4x_10,8,8.0,22445.189,,,571.417,3797.443,3600.0,,11.0,76.0,160.0,50.0,,,,,
ILS_v2,4X,IncT4x_10,9,9.0,21998.007,,,1148.233,3705.652,3600.0,,13.0,76.0,160.0,50.0,,,,,
ILS_v2,4X,IncT4x_10,10,10.0,21246.003,,,3767.183,3773.362,3600.0,,12.0,76.0,160.0,50.0,,,,,
ILS_v2,4X,IncT4x_2,1,1.0,124581.262,,,3012.414,3795.916,3600.0,,13.0,76.0,160.0,50.0,,,,,
ILS_v2,4X,IncT4x_2,2,2.0,135769.0,,,3690.29,3696.311,3600.0,,13.0,76.0,160.0,50.0,,,,,
ILS_v2,4X,IncT4x_2,3,3.0,117470.63,,,2742.682,3616.424,3600.0,,12.0,76.0,160.0,50.0,,,,,
ILS_v2,4X,IncT4x_2,4,4.0,133326.635,,,2711.102,3637.106,3600.0,,11.0,76.0,160.0,50.0,,,,,
ILS_v2,4X,IncT4x_2,5,5.0,124870.529,,,1996.996,3752.27,3600.0,,11.0,76.0,160.0,50.0,,,,,
ILS_v2,4X,IncT4x_2,6,6.0,119069.869,,,3239.782,3870.63,3600.0,,14.0,76.0,160.0,50.0,,,,,
ILS_v2,4X,IncT4x_2,7,7.0,132817.666,,,3112.394,3646.371,3600.0,,10.0,76.0,160.0,50.0,,,,,
ILS_v2,4X,IncT4x_2,8,8.0,148925.922,,,1988.715,3715.598,3600.0,,10.0,76.0,160.0,50.0,,,,,
ILS_v2,4X,IncT4x_2,9,9.0,126641.551,,,2815.873,3632.362,3600.0,,16.0,76.0,160.0,50.0,,,,,
ILS_v2,4X,IncT4x_2,10,10.0,122080.906,,,2707.417,3823.781,3600.0,,10.0,76.0,160.0,50.0,,,,,
ILS_v2,4X,IncT4x_3,1,1.0,61162.895,,,2985.622,3752.852,3600.0,,13.0,76.0,160.0,50.0,,,,,
ILS_v2,4X,IncT4x_3,2,2.0,61808.556,,,2240.336,3830.801,3600.0,,15.0,76.0,160.0,50.0,,,,,
ILS_v2,4X,IncT4x_3,3,3.0,60876.147,,,3480.1,3681.206,3600.0,,13.0,76.0,160.0,50.0,,,,,
ILS_v2,4X,IncT4x_3,4,4.0,63896.036,,,2681.382,3766.359,3600.0,,12.0,76.0,160.0,50.0,,,,,
ILS_v2,4X,IncT4x_3,5,5.0,64023.616,,,369.324,3689.394,3600.0,,13.0,76.0,160.0,50.0,,,,,
ILS_v2,4X,IncT4x_3,6,6.0,63220.735,,,2118.394,3799.321,3600.0,,12.0,76.0,160.0,50.0,,,,,
ILS_v2,4X,IncT4x_3,7,7.0,65345.405,,,385.465,3669.494,3600.0,,9.0,76.0,160.0,50.0,,,,,
ILS_v2,4X,IncT4x_3,8,8.0,66961.718,,,3470.574,3834.192,3600.0,,10.0,76.0,160.0,50.0,,,,,
ILS_v2,4X,IncT4x_3,9,9.0,58956.125,,,2704.214,3792.906,3600.0,,14.0,76.0,160.0,50.0,,,,,
ILS_v2,4X,IncT4x_3,10,10.0,59418.993,,,3808.308,3813.701,3600.0,,13.0,76.0,160.0,50.0,,,,,
ILS_v2,4X,IncT4x_4,1,1.0,145131.916,,,2751.001,3771.239,3600.0,,12.0,76.0,160.0,50.0,,,,,
ILS_v2,4X,IncT4x_4,2,2.0,165147.692,,,2469.149,3654.721,3600.0,,9.0,76.0,160.0,50.0,,,,,
ILS_v2,4X,IncT4x_4,3,3.0,143568.07,,,3657.287,3663.379,3600.0,,10.0,76.0,160.0,50.0,,,,,
ILS_v2,4X,IncT4x_4,4,4.0,144340.205,,,3149.48,3711.405,3600.0,,12.0,76.0,160.0,50.0,,,,,
ILS_v2,4X,IncT4x_4,5,5.0,153995.951,,,3262.163,3793.971,3600.0,,13.0,76.0,160.0,50.0,,,,,
ILS_v2,4X,IncT4x_4,6,6.0,155810.409,,,2875.013,3664.69,3600.0,,10.0,76.0,160.0,50.0,,,,,
ILS_v2,4X,IncT4x_4,7,7.0,153260.43,,,3136.417,3822.93,3600.0,,15.0,76.0,160.0,50.0,,,,,
ILS_v2,4X,IncT4x_4,8,8.0,157984.203,,,2718.51,3640.374,3600.0,,13.0,76.0,160.0,50.0,,,,,
ILS_v2,4X,IncT4x_4,9,9.0,162609.708,,,2304.78,3636.011,3600.0,,8.0,76.0,160.0,50.0,,,,,
ILS_v2,4X,IncT4x_4,10,10.0,147768.633,,,2373.226,3724.069,3600.0,,10.0,76.0,160.0,50.0,,,,,
ILS_v2,4X,IncT4x_5,1,1.0,67823.311,,,1427.588,3737.957,3600.0,,9.0,76.0,160.0,50.0,,,,,
ILS_v2,4X,IncT4x_5,2,2.0,61857.587,,,1992.481,3841.83,3600.0,,10.0,76.0,160.0,50.0,,,,,
ILS_v2,4X,IncT4x_5,3,3.0,48973.029,,,742.38,3689.461,3600.0,,11.0,76.0,160.0,50.0,,,,,
ILS_v2,4X,IncT4x_5,4,4.0,63438.414,,,3442.452,3748.44,3600.0,,10.0,76.0,160.0,50.0,,,,,
ILS_v2,4X,IncT4x_5,5,5.0,47752.589,,,245.772,3744.023,3600.0,,8.0,76.0,160.0,50.0,,,,,
ILS_v2,4X,IncT4x_5,6,6.0,67147.49,,,2977.107,3839.237,3600.0,,8.0,76.0,160.0,50.0,,,,,
ILS_v2,4X,IncT4x_5,7,7.0,68740.179,,,555.231,3837.455,3600.0,,10.0,76.0,160.0,50.0,,,,,
ILS_v2,4X,IncT4x_5,8,8.0,57015.482,,,3176.46,3735.747,3600.0,,9.0,76.0,160.0,50.0,,,,,
ILS_v2,4X,IncT4x_5,9,9.0,49087.193,,,113.184,3715.227,3600.0,,9.0,76.0,160.0,50.0,,,,,
ILS_v2,4X,IncT4x_5,10,10.0,61949.694,,,23.907,3799.72,3600.0,,10.0,76.0,160.0,50.0,,,,,
ILS_v2,4X,IncT4x_6,1,1.0,90181.877,,,2876.126,3733.967,3600.0,,10.0,76.0,160.0,50.0,,,,,
ILS_v2,4X,IncT4x_6,2,2.0,89634.961,,,3678.361,3684.27,3600.0,,12.0,76.0,160.0,50.0,,,,,
ILS_v2,4X,IncT4x_6,3,3.0,87236.82,,,2522.734,3807.152,3600.0,,11.0,76.0,160.0,50.0,,,,,
ILS_v2,4X,IncT4x_6,4,4.0,95397.915,,,2366.79,3705.98,3600.0,,14.0,76.0,160.0,50.0,,,,,
ILS_v2,4X,IncT4x_6,5,5.0,93421.759,,,1918.601,3728.227,3600.0,,12.0,76.0,160.0,50.0,,,,,
ILS_v2,4X,IncT4x_6,6,6.0,94292.155,,,3036.873,3676.238,3600.0,,12.0,76.0,160.0,50.0,,,,,
ILS_v2,4X,IncT4x_6,7,7.0,86939.556,,,2694.608,3661.52,3600.0,,9.0,76.0,160.0,50.0,,,,,
ILS_v2,4X,IncT4x_6,8,8.0,93347.18,,,2528.456,3711.817,3600.0,,11.0,76.0,160.0,50.0,,,,,
ILS_v2,4X,IncT4x_6,9,9.0,91551.235,,,3002.865,3659.308,3600.0,,11.0,76.0,160.0,50.0,,,,,
ILS_v2,4X,IncT4x_6,10,10.0,100774.548,,,2838.617,3671.359,3600.0,,10.0,76.0,160.0,50.0,,,,,
ILS_v2,4X,IncT4x_7,1,1.0,32192.638,,,3364.1,3654.642,3600.0,,9.0,76.0,160.0,50.0,,,,,
ILS_v2,4X,IncT4x_7,2,2.0,26897.394,,,516.19,3709.882,3600.0,,12.0,76.0,160.0,50.0,,,,,
ILS_v2,4X,IncT4x_7,3,3.0,35837.521,,,3278.964,3713.774,3600.0,,12.0,76.0,160.0,50.0,,,,,
ILS_v2,4X,IncT4x_7,4,4.0,32042.251,,,3549.591,3778.802,3600.0,,11.0,76.0,160.0,50.0,,,,,
ILS_v2,4X,IncT4x_7,5,5.0,35784.105,,,2670.622,3626.878,3600.0,,11.0,76.0,160.0,50.0,,,,,
ILS_v2,4X,IncT4x_7,6,6.0,36824.725,,,3203.333,3725.777,3600.0,,12.0,76.0,160.0,50.0,,,,,
ILS_v2,4X,IncT4x_7,7,7.0,30277.41,,,3283.876,3770.601,3600.0,,10.0,76.0,160.0,50.0,,,,,
ILS_v2,4X,IncT4x_7,8,8.0,26566.027,,,3682.303,3688.552,3600.0,,9.0,76.0,160.0,50.0,,,,,
ILS_v2,4X,IncT4x_7,9,9.0,30282.808,,,2747.215,3690.376,3600.0,,13.0,76.0,160.0,50.0,,,,,
ILS_v2,4X,IncT4x_7,10,10.0,33785.335,,,667.743,3626.123,3600.0,,13.0,76.0,160.0,50.0,,,,,
ILS_v2,4X,IncT4x_8,1,1.0,195599.399,,,1545.131,3611.151,3600.0,,12.0,76.0,160.0,50.0,,,,,
ILS_v2,4X,IncT4x_8,2,2.0,188244.948,,,3675.938,3682.411,3600.0,,10.0,76.0,160.0,50.0,,,,,
ILS_v2,4X,IncT4x_8,3,3.0,184979.56,,,1494.275,3867.432,3600.0,,10.0,76.0,160.0,50.0,,,,,
ILS_v2,4X,IncT4x_8,4,4.0,201628.234,,,3287.288,3702.702,3600.0,,10.0,76.0,160.0,50.0,,,,,
ILS_v2,4X,IncT4x_8,5,5.0,194557.944,,,2507.459,3788.623,3600.0,,12.0,76.0,160.0,50.0,,,,,
ILS_v2,4X,IncT4x_8,6,6.0,187791.638,,,3560.52,3778.957,3600.0,,11.0,76.0,160.0,50.0,,,,,
ILS_v2,4X,IncT4x_8,7,7.0,184146.272,,,3563.368,3811.884,3600.0,,14.0,76.0,160.0,50.0,,,,,
ILS_v2,4X,IncT4x_8,8,8.0,191734.052,,,1011.667,3704.409,3600.0,,11.0,76.0,160.0,50.0,,,,,
ILS_v2,4X,IncT4x_8,9,9.0,196155.007,,,845.043,3704.991,3600.0,,13.0,76.0,160.0,50.0,,,,,
ILS_v2,4X,IncT4x_8,10,10.0,182781.1,,,3589.184,3778.185,3600.0,,13.0,76.0,160.0,50.0,,,,,
ILS_v2,4X,IncT4x_9,1,1.0,33354.884,,,3564.237,3875.613,3600.0,,13.0,76.0,160.0,50.0,,,,,
ILS_v2,4X,IncT4x_9,2,2.0,43786.319,,,3153.325,3783.28,3600.0,,11.0,76.0,160.0,50.0,,,,,
ILS_v2,4X,IncT4x_9,3,3.0,31283.599,,,3251.721,3663.709,3600.0,,10.0,76.0,160.0,50.0,,,,,
ILS_v2,4X,IncT4x_9,4,4.0,29805.886,,,1910.077,3777.693,3600.0,,11.0,76.0,160.0,50.0,,,,,
ILS_v2,4X,IncT4x_9,5,5.0,36085.092,,,2612.436,3809.934,3600.0,,13.0,76.0,160.0,50.0,,,,,
ILS_v2,4X,IncT4x_9,6,6.0,35230.102,,,3694.117,3700.65,3600.0,,11.0,76.0,160.0,50.0,,,,,
ILS_v2,4X,IncT4x_9,7,7.0,38008.735,,,3229.877,3901.744,3600.0,,11.0,76.0,160.0,50.0,,,,,
ILS_v2,4X,IncT4x_9,8,8.0,29981.122,,,3334.196,3621.891,3600.0,,10.0,76.0,160.0,50.0,,,,,
ILS_v2,4X,IncT4x_9,9,9.0,36546.283,,,3511.88,3724.06,3600.0,,12.0,76.0,160.0,50.0,,,,,
ILS_v2,4X,IncT4x_9,10,10.0,38447.011,,,168.533,3819.475,3600.0,,11.0,76.0,160.0,50.0,,,,,
ILS_v2,5X,IncT5x_1,1,1.0,61805.155,,,3293.599,3820.044,3600.0,,5.0,95.0,160.0,50.0,,,,,
ILS_v2,5X,IncT5x_1,2,2.0,70385.199,,,2701.398,3622.819,3600.0,,8.0,95.0,160.0,50.0,,,,,
ILS_v2,5X,IncT5x_1,3,3.0,73668.018,,,1394.882,3843.518,3600.0,,7.0,95.0,160.0,50.0,,,,,
ILS_v2,5X,IncT5x_1,4,4.0,68609.112,,,2662.252,3623.115,3600.0,,5.0,95.0,160.0,50.0,,,,,
ILS_v2,5X,IncT5x_1,5,5.0,74339.252,,,3792.097,3800.26,3600.0,,7.0,95.0,160.0,50.0,,,,,
ILS_v2,5X,IncT5x_1,6,6.0,60934.004,,,3950.79,3958.072,3600.0,,7.0,95.0,160.0,50.0,,,,,
ILS_v2,5X,IncT5x_1,7,7.0,64971.189,,,1684.577,3900.253,3600.0,,7.0,95.0,160.0,50.0,,,,,
ILS_v2,5X,IncT5x_1,8,8.0,67096.193,,,3539.094,3941.434,3600.0,,4.0,95.0,160.0,50.0,,,,,
ILS_v2,5X,IncT5x_1,9,9.0,68081.04,,,2185.661,3947.963,3600.0,,7.0,95.0,160.0,50.0,,,,,
ILS_v2,5X,IncT5x_1,10,10.0,65270.765,,,2620.671,3979.863,3600.0,,6.0,95.0,160.0,50.0,,,,,
ILS_v2,5X,IncT5x_10,1,1.0,30249.897,,,942.322,3662.329,3600.0,,6.0,95.0,160.0,50.0,,,,,
ILS_v2,5X,IncT5x_10,2,2.0,28983.412,,,1899.063,3619.34,3600.0,,7.0,95.0,160.0,50.0,,,,,
ILS_v2,5X,IncT5x_10,3,3.0,29612.574,,,2163.24,3699.946,3600.0,,9.0,95.0,160.0,50.0,,,,,
ILS_v2,5X,IncT5x_10,4,4.0,28548.288,,,2450.837,3784.096,3600.0,,7.0,95.0,160.0,50.0,,,,,
ILS_v2,5X,IncT5x_10,5,5.0,27253.828,,,3064.858,3782.428,3600.0,,8.0,95.0,160.0,50.0,,,,,
ILS_v2,5X,IncT5x_10,6,6.0,27748.33,,,2506.905,3650.09,3600.0,,6.0,95.0,160.0,50.0,,,,,
ILS_v2,5X,IncT5x_10,7,7.0,29859.14,,,3831.781,3837.036,3600.0,,7.0,95.0,160.0,50.0,,,,,
ILS_v2,5X,IncT5x_10,8,8.0,25641.154,,,3297.433,3829.935,3600.0,,5.0,95.0,160.0,50.0,,,,,
ILS_v2,5X,IncT5x_10,9,9.0,30164.091,,,2066.117,3714.562,3600.0,,4.0,95.0,160.0,50.0,,,,,
ILS_v2,5X,IncT5x_10,10,10.0,25271.66,,,3681.438,3688.486,3600.0,,7.0,95.0,160.0,50.0,,,,,
ILS_v2,5X,IncT5x_2,1,1.0,144939.235,,,3786.999,3794.178,3600.0,,6.0,95.0,160.0,50.0,,,,,
ILS_v2,5X,IncT5x_2,2,2.0,151110.867,,,3327.157,3726.697,3600.0,,8.0,95.0,160.0,50.0,,,,,
ILS_v2,5X,IncT5x_2,3,3.0,152022.265,,,2986.297,3725.519,3600.0,,8.0,95.0,160.0,50.0,,,,,
ILS_v2,5X,IncT5x_2,4,4.0,136944.351,,,1097.887,3825.902,3600.0,,9.0,95.0,160.0,50.0,,,,,
ILS_v2,5X,IncT5x_2,5,5.0,133815.243,,,3885.988,3892.285,3600.0,,6.0,95.0,160.0,50.0,,,,,
ILS_v2,5X,IncT5x_2,6,6.0,141092.552,,,1555.028,3856.953,3600.0,,5.0,95.0,160.0,50.0,,,,,
ILS_v2,5X,IncT5x_2,7,7.0,127838.474,,,3703.397,3711.81,3600.0,,7.0,95.0,160.0,50.0,,,,,
ILS_v2,5X,IncT5x_2,8,8.0,142877.513,,,2459.319,3908.866,3600.0,,7.0,95.0,160.0,50.0,,,,,
ILS_v2,5X,IncT5x_2,9,9.0,131261.166,,,3623.455,3630.525,3600.0,,8.0,95.0,160.0,50.0,,,,,
ILS_v2,5X,IncT5x_2,10,10.0,127719.441,,,3743.366,3749.303,3600.0,,10.0,95.0,160.0,50.0,,,,,
ILS_v2,5X,IncT5x_3,1,1.0,64510.463,,,987.843,3741.378,3600.0,,5.0,95.0,160.0,50.0,,,,,
ILS_v2,5X,IncT5x_3,2,2.0,71561.96,,,2100.216,3719.963,3600.0,,7.0,95.0,160.0,50.0,,,,,
ILS_v2,5X,IncT5x_3,3,3.0,73911.899,,,1834.223,3686.19,3600.0,,7.0,95.0,160.0,50.0,,,,,
ILS_v2,5X,IncT5x_3,4,4.0,66434.182,,,720.315,3868.809,3600.0,,6.0,95.0,160.0,50.0,,,,,
ILS_v2,5X,IncT5x_3,5,5.0,66558.96,,,3608.623,3616.808,3600.0,,7.0,95.0,160.0,50.0,,,,,
ILS_v2,5X,IncT5x_3,6,6.0,69624.446,,,1923.936,3755.586,3600.0,,5.0,95.0,160.0,50.0,,,,,
ILS_v2,5X,IncT5x_3,7,7.0,69520.774,,,289.478,3860.766,3600.0,,7.0,95.0,160.0,50.0,,,,,
ILS_v2,5X,IncT5x_3,8,8.0,69623.498,,,3133.776,3626.676,3600.0,,3.0,95.0,160.0,50.0,,,,,
ILS_v2,5X,IncT5x_3,9,9.0,68096.09,,,500.187,3852.674,3600.0,,8.0,95.0,160.0,50.0,,,,,
ILS_v2,5X,IncT5x_3,10,10.0,67745.789,,,3870.458,3875.205,3600.0,,9.0,95.0,160.0,50.0,,,,,
ILS_v2,5X,IncT5x_4,1,1.0,158272.459,,,1617.273,4009.326,3600.0,,6.0,95.0,160.0,50.0,,,,,
ILS_v2,5X,IncT5x_4,2,2.0,158737.447,,,2958.468,3988.746,3600.0,,7.0,95.0,160.0,50.0,,,,,
ILS_v2,5X,IncT5x_4,3,3.0,167512.054,,,3794.092,3802.144,3600.0,,5.0,95.0,160.0,50.0,,,,,
ILS_v2,5X,IncT5x_4,4,4.0,153061.727,,,3491.401,3895.284,3600.0,,8.0,95.0,160.0,50.0,,,,,
ILS_v2,5X,IncT5x_4,5,5.0,153793.989,,,3379.67,3754.216,3600.0,,6.0,95.0,160.0,50.0,,,,,
ILS_v2,5X,IncT5x_4,6,6.0,163860.21,,,2238.296,3981.392,3600.0,,8.0,95.0,160.0,50.0,,,,,
ILS_v2,5X,IncT5x_4,7,7.0,171244.512,,,1223.43,3810.32,3600.0,,6.0,95.0,160.0,50.0,,,,,
ILS_v2,5X,IncT5x_4,8,8.0,172747.012,,,3151.737,3684.062,3600.0,,4.0,95.0,160.0,50.0,,,,,
ILS_v2,5X,IncT5x_4,9,9.0,174735.918,,,3270.755,3812.086,3600.0,,6.0,95.0,160.0,50.0,,,,,
ILS_v2,5X,IncT5x_4,10,10.0,155885.552,,,2868.245,3645.637,3600.0,,6.0,95.0,160.0,50.0,,,,,
ILS_v2,5X,IncT5x_5,1,1.0,65042.57,,,3535.578,3846.931,3600.0,,7.0,95.0,160.0,50.0,,,,,
ILS_v2,5X,IncT5x_5,2,2.0,68660.905,,,2596.487,3857.066,3600.0,,6.0,95.0,160.0,50.0,,,,,
ILS_v2,5X,IncT5x_5,3,3.0,77568.449,,,3264.886,3656.404,3600.0,,5.0,95.0,160.0,50.0,,,,,
ILS_v2,5X,IncT5x_5,4,4.0,69274.724,,,89.423,3934.578,3600.0,,5.0,95.0,160.0,50.0,,,,,
ILS_v2,5X,IncT5x_5,5,5.0,72108.2,,,3266.587,3879.803,3600.0,,5.0,95.0,160.0,50.0,,,,,
ILS_v2,5X,IncT5x_5,6,6.0,76513.012,,,98.428,3828.305,3600.0,,7.0,95.0,160.0,50.0,,,,,
ILS_v2,5X,IncT5x_5,7,7.0,74518.087,,,1558.736,3797.465,3600.0,,6.0,95.0,160.0,50.0,,,,,
ILS_v2,5X,IncT5x_5,8,8.0,78836.74,,,2442.038,3876.463,3600.0,,5.0,95.0,160.0,50.0,,,,,
ILS_v2,5X,IncT5x_5,9,9.0,79027.113,,,2519.172,3914.741,3600.0,,5.0,95.0,160.0,50.0,,,,,
ILS_v2,5X,IncT5x_5,10,10.0,68827.893,,,3701.19,3709.544,3600.0,,6.0,95.0,160.0,50.0,,,,,
ILS_v2,5X,IncT5x_6,1,1.0,104628.853,,,440.528,3956.928,3600.0,,8.0,95.0,160.0,50.0,,,,,
ILS_v2,5X,IncT5x_6,2,2.0,94932.155,,,1384.312,3631.696,3600.0,,7.0,95.0,160.0,50.0,,,,,
ILS_v2,5X,IncT5x_6,3,3.0,100416.861,,,716.108,3685.677,3600.0,,7.0,95.0,160.0,50.0,,,,,
ILS_v2,5X,IncT5x_6,4,4.0,99662.09,,,3887.548,3894.266,3600.0,,7.0,95.0,160.0,50.0,,,,,
ILS_v2,5X,IncT5x_6,5,5.0,101214.839,,,3187.506,3765.122,3600.0,,8.0,95.0,160.0,50.0,,,,,
ILS_v2,5X,IncT5x_6,6,6.0,99254.906,,,1499.879,3849.181,3600.0,,8.0,95.0,160.0,50.0,,,,,
ILS_v2,5X,IncT5x_6,7,7.0,96919.428,,,3906.008,3912.537,3600.0,,5.0,95.0,160.0,50.0,,,,,
ILS_v2,5X,IncT5x_6,8,8.0,95989.936,,,3485.668,3807.234,3600.0,,9.0,95.0,160.0,50.0,,,,,
ILS_v2,5X,IncT5x_6,9,9.0,100037.313,,,1988.443,3724.794,3600.0,,5.0,95.0,160.0,50.0,,,,,
ILS_v2,5X,IncT5x_6,10,10.0,97264.196,,,3786.682,3794.734,3600.0,,7.0,95.0,160.0,50.0,,,,,
ILS_v2,5X,IncT5x_7,1,1.0,39982.897,,,3095.154,3827.7,3600.0,,2.0,95.0,160.0,50.0,,,,,
ILS_v2,5X,IncT5x_7,2,2.0,35085.29,,,2762.267,3944.984,3600.0,,7.0,95.0,160.0,50.0,,,,,
ILS_v2,5X,IncT5x_7,3,3.0,35585.88,,,2980.91,4028.669,3600.0,,6.0,95.0,160.0,50.0,,,,,
ILS_v2,5X,IncT5x_7,4,4.0,39273.522,,,3083.941,3943.18,3600.0,,8.0,95.0,160.0,50.0,,,,,
ILS_v2,5X,IncT5x_7,5,5.0,33104.929,,,3791.395,3801.164,3600.0,,5.0,95.0,160.0,50.0,,,,,
ILS_v2,5X,IncT5x_7,6,6.0,32890.491,,,243.643,3853.656,3600.0,,9.0,95.0,160.0,50.0,,,,,
ILS_v2,5X,IncT5x_7,7,7.0,42740.443,,,3713.72,3724.827,3600.0,,5.0,95.0,160.0,50.0,,,,,
ILS_v2,5X,IncT5x_7,8,8.0,47654.487,,,1555.456,3984.789,3600.0,,5.0,95.0,160.0,50.0,,,,,
ILS_v2,5X,IncT5x_7,9,9.0,38041.387,,,3075.106,3860.82,3600.0,,6.0,95.0,160.0,50.0,,,,,
ILS_v2,5X,IncT5x_7,10,10.0,45294.783,,,2833.022,3601.373,3600.0,,9.0,95.0,160.0,50.0,,,,,
ILS_v2,5X,IncT5x_8,1,1.0,202847.088,,,2944.224,3602.869,3600.0,,7.0,95.0,160.0,50.0,,,,,
ILS_v2,5X,IncT5x_8,2,2.0,192509.469,,,1561.63,3855.576,3600.0,,7.0,95.0,160.0,50.0,,,,,
ILS_v2,5X,IncT5x_8,3,3.0,193974.569,,,3544.599,3790.477,3600.0,,7.0,95.0,160.0,50.0,,,,,
ILS_v2,5X,IncT5x_8,4,4.0,216630.089,,,3843.507,3850.497,3600.0,,7.0,95.0,160.0,50.0,,,,,
ILS_v2,5X,IncT5x_8,5,5.0,232845.395,,,2560.973,3636.492,3600.0,,6.0,95.0,160.0,50.0,,,,,
ILS_v2,5X,IncT5x_8,6,6.0,199681.109,,,2944.532,3819.302,3600.0,,9.0,95.0,160.0,50.0,,,,,
ILS_v2,5X,IncT5x_8,7,7.0,210407.482,,,3890.649,3896.037,3600.0,,6.0,95.0,160.0,50.0,,,,,
ILS_v2,5X,IncT5x_8,8,8.0,209304.965,,,3747.389,3754.545,3600.0,,8.0,95.0,160.0,50.0,,,,,
ILS_v2,5X,IncT5x_8,9,9.0,200369.56,,,3286.508,3602.636,3600.0,,8.0,95.0,160.0,50.0,,,,,
ILS_v2,5X,IncT5x_8,10,10.0,202803.511,,,114.608,3887.323,3600.0,,6.0,95.0,160.0,50.0,,,,,
ILS_v2,5X,IncT5x_9,1,1.0,46318.834,,,2606.38,4022.799,3600.0,,4.0,95.0,160.0,50.0,,,,,
ILS_v2,5X,IncT5x_9,2,2.0,43751.949,,,2123.506,3678.898,3600.0,,5.0,95.0,160.0,50.0,,,,,
ILS_v2,5X,IncT5x_9,3,3.0,39314.12,,,3302.662,3802.412,3600.0,,7.0,95.0,160.0,50.0,,,,,
ILS_v2,5X,IncT5x_9,4,4.0,39685.964,,,3286.45,3876.781,3600.0,,6.0,95.0,160.0,50.0,,,,,
ILS_v2,5X,IncT5x_9,5,5.0,38785.716,,,3365.376,3829.136,3600.0,,6.0,95.0,160.0,50.0,,,,,
ILS_v2,5X,IncT5x_9,6,6.0,39608.516,,,2642.381,3856.776,3600.0,,6.0,95.0,160.0,50.0,,,,,
ILS_v2,5X,IncT5x_9,7,7.0,42641.892,,,3614.799,3623.043,3600.0,,8.0,95.0,160.0,50.0,,,,,
ILS_v2,5X,IncT5x_9,8,8.0,40800.211,,,536.769,3637.516,3600.0,,4.0,95.0,160.0,50.0,,,,,
ILS_v2,5X,IncT5x_9,9,9.0,39524.345,,,2424.798,3691.343,3600.0,,8.0,95.0,160.0,50.0,,,,,
ILS_v2,5X,IncT5x_9,10,10.0,41334.951,,,1446.86,3923.788,3600.0,,9.0,95.0,160.0,50.0,,,,,
ILS_v2,Real,Ale_1,1,1.0,90244.983,,,2706.753,3602.993,3600.0,,1120.0,25.0,161.0,50.0,,,,,
ILS_v2,Real,Ale_1,2,2.0,88054.386,,,818.5,3600.58,3600.0,,1130.0,25.0,161.0,50.0,,,,,
ILS_v2,Real,Ale_1,3,3.0,87509.733,,,1510.295,3600.071,3600.0,,1132.0,25.0,161.0,50.0,,,,,
ILS_v2,Real,Ale_1,4,4.0,86324.908,,,2693.131,3601.135,3600.0,,1102.0,25.0,161.0,50.0,,,,,
ILS_v2,Real,Ale_1,5,5.0,86418.508,,,1336.97,3602.504,3600.0,,1109.0,25.0,161.0,50.0,,,,,
ILS_v2,Real,Ale_1,6,6.0,87333.133,,,3364.324,3601.21,3600.0,,1152.0,25.0,161.0,50.0,,,,,
ILS_v2,Real,Ale_1,7,7.0,90601.108,,,981.294,3600.382,3600.0,,1113.0,25.0,161.0,50.0,,,,,
ILS_v2,Real,Ale_1,8,8.0,87530.108,,,2926.338,3602.846,3600.0,,1115.0,25.0,161.0,50.0,,,,,
ILS_v2,Real,Ale_1,9,9.0,90967.363,,,1107.232,3601.443,3600.0,,1155.0,25.0,161.0,50.0,,,,,
ILS_v2,Real,Ale_1,10,10.0,91044.287,,,778.987,3600.455,3600.0,,1148.0,25.0,161.0,50.0,,,,,
ILS_v2,Real,Ale_10,1,1.0,6373.493,,,784.217,3600.775,3600.0,,2258.0,19.0,160.0,50.0,,,,,
ILS_v2,Real,Ale_10,2,2.0,6201.172,,,1920.258,3601.945,3600.0,,2219.0,19.0,160.0,50.0,,,,,
ILS_v2,Real,Ale_10,3,3.0,6303.447,,,722.564,3600.686,3600.0,,2192.0,19.0,160.0,50.0,,,,,
ILS_v2,Real,Ale_10,4,4.0,6651.595,,,724.957,3600.025,3600.0,,2160.0,19.0,160.0,50.0,,,,,
ILS_v2,Real,Ale_10,5,5.0,6251.242,,,1248.097,3601.343,3600.0,,2209.0,19.0,160.0,50.0,,,,,
ILS_v2,Real,Ale_10,6,6.0,6372.543,,,723.647,3601.793,3600.0,,2305.0,19.0,160.0,50.0,,,,,
ILS_v2,Real,Ale_10,7,7.0,6758.003,,,3144.183,3600.859,3600.0,,2191.0,19.0,160.0,50.0,,,,,
ILS_v2,Real,Ale_10,8,8.0,6909.415,,,721.163,3601.049,3600.0,,2183.0,19.0,160.0,50.0,,,,,
ILS_v2,Real,Ale_10,9,9.0,6063.274,,,804.276,3600.336,3600.0,,2208.0,19.0,160.0,50.0,,,,,
ILS_v2,Real,Ale_10,10,10.0,6229.26,,,956.751,3600.474,3600.0,,2255.0,19.0,160.0,50.0,,,,,
ILS_v2,Real,Ale_2,1,1.0,101562.896,,,178.287,3600.235,3600.0,,2568.0,19.0,160.0,50.0,,,,,
ILS_v2,Real,Ale_2,2,2.0,100900.835,,,723.743,3601.124,3600.0,,2542.0,19.0,160.0,50.0,,,,,
ILS_v2,Real,Ale_2,3,3.0,100933.53,,,739.509,3600.145,3600.0,,2594.0,19.0,160.0,50.0,,,,,
ILS_v2,Real,Ale_2,4,4.0,100835.185,,,18.265,3600.559,3600.0,,2621.0,19.0,160.0,50.0,,,,,
ILS_v2,Real,Ale_2,5,5.0,101562.896,,,729.209,3601.542,3600.0,,2591.0,19.0,160.0,50.0,,,,,
ILS_v2,Real,Ale_2,6,6.0,100051.409,,,86.892,3600.398,3600.0,,2603.0,19.0,160.0,50.0,,,,,
ILS_v2,Real,Ale_2,7,7.0,101712.037,,,773.763,3600.436,3600.0,,2552.0,19.0,160.0,50.0,,,,,
ILS_v2,Real,Ale_2,8,8.0,101562.896,,,722.409,3600.575,3600.0,,2595.0,19.0,160.0,50.0,,,,,
ILS_v2,Real,Ale_2,9,9.0,101993.548,,,881.116,3600.546,3600.0,,2613.0,19.0,160.0,50.0,,,,,
ILS_v2,Real,Ale_2,10,10.0,100009.609,,,726.603,3600.56,3600.0,,2602.0,19.0,160.0,50.0,,,,,
ILS_v2,Real,Ale_3,1,1.0,42682.859,,,1410.185,3602.483,3600.0,,2576.0,19.0,160.0,50.0,,,,,
ILS_v2,Real,Ale_3,2,2.0,41527.787,,,3009.262,3600.722,3600.0,,2590.0,19.0,160.0,50.0,,,,,
ILS_v2,Real,Ale_3,3,3.0,42948.656,,,757.445,3601.586,3600.0,,2622.0,19.0,160.0,50.0,,,,,
ILS_v2,Real,Ale_3,4,4.0,41566.839,,,991.001,3600.122,3600.0,,2597.0,19.0,160.0,50.0,,,,,
ILS_v2,Real,Ale_3,5,5.0,41735.839,,,3043.545,3600.113,3600.0,,2580.0,19.0,160.0,50.0,,,,,
ILS_v2,Real,Ale_3,6,6.0,44535.798,,,17.953,3600.256,3600.0,,2393.0,19.0,160.0,50.0,,,,,
ILS_v2,Real,Ale_3,7,7.0,40763.571,,,766.292,3600.379,3600.0,,2446.0,19.0,160.0,50.0,,,,,
ILS_v2,Real,Ale_3,8,8.0,41824.056,,,1738.807,3601.792,3600.0,,2599.0,19.0,160.0,50.0,,,,,
ILS_v2,Real,Ale_3,9,9.0,42274.434,,,1829.543,3602.119,3600.0,,2563.0,19.0,160.0,50.0,,,,,
ILS_v2,Real,Ale_3,10,10.0,44535.798,,,184.598,3600.843,3600.0,,2434.0,19.0,160.0,50.0,,,,,
ILS_v2,Real,Ale_4,1,1.0,128136.335,,,732.929,3600.068,3600.0,,2323.0,19.0,160.0,50.0,,,,,
ILS_v2,Real,Ale_4,2,2.0,131087.135,,,824.738,3601.452,3600.0,,2285.0,19.0,160.0,50.0,,,,,
ILS_v2,Real,Ale_4,3,3.0,129500.067,,,723.025,3601.07,3600.0,,2245.0,19.0,160.0,50.0,,,,,
ILS_v2,Real,Ale_4,4,4.0,127839.076,,,778.061,3600.079,3600.0,,2379.0,19.0,160.0,50.0,,,,,
ILS_v2,Real,Ale_4,5,5.0,128211.985,,,745.969,3601.33,3600.0,,2278.0,19.0,160.0,50.0,,,,,
ILS_v2,Real,Ale_4,6,6.0,128586.469,,,4.826,3602.23,3600.0,,2255.0,19.0,160.0,50.0,,,,,
ILS_v2,Real,Ale_4,7,7.0,128431.694,,,764.457,3601.866,3600.0,,2214.0,19.0,160.0,50.0,,,,,
ILS_v2,Real,Ale_4,8,8.0,128005.31,,,740.76,3602.088,3600.0,,2194.0,19.0,160.0,50.0,,,,,
ILS_v2,Real,Ale_4,9,9.0,131118.561,,,734.975,3600.846,3600.0,,2232.0,19.0,160.0,50.0,,,,,
ILS_v2,Real,Ale_4,10,10.0,129326.065,,,874.227,3600.542,3600.0,,2244.0,19.0,160.0,50.0,,,,,
ILS_v2,Real,Ale_5,1,1.0,35690.183,,,633.476,3600.122,3600.0,,2158.0,19.0,160.0,50.0,,,,,
ILS_v2,Real,Ale_5,2,2.0,35426.141,,,757.063,3600.007,3600.0,,2178.0,19.0,160.0,50.0,,,,,
ILS_v2,Real,Ale_5,3,3.0,35426.141,,,750.459,3600.398,3600.0,,2075.0,19.0,160.0,50.0,,,,,
ILS_v2,Real,Ale_5,4,4.0,35426.141,,,744.47,3603.403,3600.0,,2179.0,19.0,160.0,50.0,,,,,
ILS_v2,Real,Ale_5,5,5.0,35448.716,,,970.135,3602.175,3600.0,,2146.0,19.0,160.0,50.0,,,,,
ILS_v2,Real,Ale_5,6,6.0,35426.141,,,891.06,3600.582,3600.0,,2130.0,19.0,160.0,50.0,,,,,
ILS_v2,Real,Ale_5,7,7.0,35426.141,,,863.314,3600.258,3600.0,,2143.0,19.0,160.0,50.0,,,,,
ILS_v2,Real,Ale_5,8,8.0,35426.141,,,782.613,3600.965,3600.0,,2203.0,19.0,160.0,50.0,,,,,
ILS_v2,Real,Ale_5,9,9.0,35426.141,,,758.221,3600.528,3600.0,,2130.0,19.0,160.0,50.0,,,,,
ILS_v2,Real,Ale_5,10,10.0,35426.141,,,774.913,3602.082,3600.0,,2148.0,19.0,160.0,50.0,,,,,
ILS_v2,Real,Ale_6,1,1.0,67744.346,,,757.408,3600.189,3600.0,,2012.0,19.0,160.0,50.0,,,,,
ILS_v2,Real,Ale_6,2,2.0,68309.642,,,2720.922,3600.36,3600.0,,2063.0,19.0,160.0,50.0,,,,,
ILS_v2,Real,Ale_6,3,3.0,69457.709,,,723.34,3600.444,3600.0,,2051.0,19.0,160.0,50.0,,,,,
ILS_v2,Real,Ale_6,4,4.0,69587.024,,,3044.019,3600.003,3600.0,,2061.0,19.0,160.0,50.0,,,,,
ILS_v2,Real,Ale_6,5,5.0,69322.014,,,2356.805,3600.575,3600.0,,2093.0,19.0,160.0,50.0,,,,,
ILS_v2,Real,Ale_6,6,6.0,68089.081,,,1365.061,3601.178,3600.0,,2082.0,19.0,160.0,50.0,,,,,
ILS_v2,Real,Ale_6,7,7.0,68946.952,,,736.425,3600.132,3600.0,,2035.0,19.0,160.0,50.0,,,,,
ILS_v2,Real,Ale_6,8,8.0,69361.639,,,3406.243,3601.299,3600.0,,2070.0,19.0,160.0,50.0,,,,,
ILS_v2,Real,Ale_6,9,9.0,67288.871,,,769.599,3602.637,3600.0,,2077.0,19.0,160.0,50.0,,,,,
ILS_v2,Real,Ale_6,10,10.0,68163.492,,,745.772,3600.312,3600.0,,2121.0,19.0,160.0,50.0,,,,,
ILS_v2,Real,Ale_7,1,1.0,10578.918,,,1043.191,3601.422,3600.0,,2090.0,19.0,160.0,50.0,,,,,
ILS_v2,Real,Ale_7,2,2.0,10578.918,,,1104.608,3601.023,3600.0,,2075.0,19.0,160.0,50.0,,,,,
ILS_v2,Real,Ale_7,3,3.0,10578.918,,,795.365,3600.319,3600.0,,2090.0,19.0,160.0,50.0,,,,,
ILS_v2,Real,Ale_7,4,4.0,10578.918,,,2099.798,3600.232,3600.0,,2157.0,19.0,160.0,50.0,,,,,
ILS_v2,Real,Ale_7,5,5.0,10578.918,,,1620.998,3600.753,3600.0,,2113.0,19.0,160.0,50.0,,,,,
ILS_v2,Real,Ale_7,6,6.0,10578.918,,,845.933,3601.044,3600.0,,2073.0,19.0,160.0,50.0,,,,,
ILS_v2,Real,Ale_7,7,7.0,10578.918,,,2789.689,3601.329,3600.0,,2149.0,19.0,160.0,50.0,,,,,
ILS_v2,Real,Ale_7,8,8.0,10578.918,,,829.014,3600.993,3600.0,,2051.0,19.0,160.0,50.0,,,,,
ILS_v2,Real,Ale_7,9,9.0,10578.918,,,798.25,3600.477,3600.0,,2050.0,19.0,160.0,50.0,,,,,
ILS_v2,Real,Ale_7,10,10.0,10578.918,,,1047.936,3600.747,3600.0,,2076.0,19.0,160.0,50.0,,,,,
ILS_v2,Real,Ale_8,1,1.0,162884.172,,,726.971,3600.517,3600.0,,2333.0,19.0,160.0,50.0,,,,,
ILS_v2,Real,Ale_8,2,2.0,161993.126,,,740.127,3600.567,3600.0,,2358.0,19.0,160.0,50.0,,,,,
ILS_v2,Real,Ale_8,3,3.0,162954.172,,,733.739,3600.671,3600.0,,2346.0,19.0,160.0,50.0,,,,,
ILS_v2,Real,Ale_8,4,4.0,162982.247,,,730.366,3600.414,3600.0,,2367.0,19.0,160.0,50.0,,,,,
ILS_v2,Real,Ale_8,5,5.0,164488.865,,,177.173,3601.2,3600.0,,2344.0,19.0,160.0,50.0,,,,,
ILS_v2,Real,Ale_8,6,6.0,162011.526,,,1086.084,3601.52,3600.0,,2394.0,19.0,160.0,50.0,,,,,
ILS_v2,Real,Ale_8,7,7.0,161892.376,,,722.755,3600.535,3600.0,,2316.0,19.0,160.0,50.0,,,,,
ILS_v2,Real,Ale_8,8,8.0,161498.634,,,1166.371,3600.752,3600.0,,2350.0,19.0,160.0,50.0,,,,,
ILS_v2,Real,Ale_8,9,9.0,163482.632,,,2395.067,3600.1,3600.0,,2333.0,19.0,160.0,50.0,,,,,
ILS_v2,Real,Ale_8,10,10.0,163812.45,,,930.558,3600.452,3600.0,,2358.0,19.0,160.0,50.0,,,,,
ILS_v2,Real,Ale_9,1,1.0,15863.543,,,1841.345,3600.03,3600.0,,2161.0,19.0,160.0,50.0,,,,,
ILS_v2,Real,Ale_9,2,2.0,16043.723,,,1603.763,3600.095,3600.0,,2164.0,19.0,160.0,50.0,,,,,
ILS_v2,Real,Ale_9,3,3.0,15888.072,,,721.919,3600.42,3600.0,,2120.0,19.0,160.0,50.0,,,,,
ILS_v2,Real,Ale_9,4,4.0,16077.247,,,724.289,3601.192,3600.0,,2175.0,19.0,160.0,50.0,,,,,
ILS_v2,Real,Ale_9,5,5.0,16388.529,,,2170.992,3600.804,3600.0,,2114.0,19.0,160.0,50.0,,,,,
ILS_v2,Real,Ale_9,6,6.0,15881.834,,,3127.273,3600.89,3600.0,,2139.0,19.0,160.0,50.0,,,,,
ILS_v2,Real,Ale_9,7,7.0,16056.147,,,18.899,3600.523,3600.0,,2142.0,19.0,160.0,50.0,,,,,
ILS_v2,Real,Ale_9,8,8.0,15946.148,,,735.432,3600.714,3600.0,,2169.0,19.0,160.0,50.0,,,,,
ILS_v2,Real,Ale_9,9,9.0,16002.942,,,1984.113,3600.924,3600.0,,2213.0,19.0,160.0,50.0,,,,,
ILS_v2,Real,Ale_9,10,10.0,16140.364,,,723.706,3600.816,3600.0,,2117.0,19.0,160.0,50.0,,,,,
MAT_mip_10800s,10X,IncT10x_2,IncT10x_2_mip_seed1_b10800,1.0,163595.478,121983.558742,25.435862,10889.034,10892.084,10800.0,Integer,,190.0,159.0,50.0,experiments\matheuristics\results_scale_8x10x_mip10800\IncT10x_2_mip_seed1_b10800.json,mip,mip,163595.478,0.0
MAT_mip_10800s,10X,IncT10x_3,IncT10x_3_mip_seed1_b10800,1.0,80690.614,63022.489107,21.896134,10869.913,10871.607,10800.0,Integer,,190.0,159.0,50.0,experiments\matheuristics\results_scale_8x10x_mip10800\IncT10x_3_mip_seed1_b10800.json,mip,mip,80690.614,0.0
MAT_mip_10800s,10X,IncT10x_4,IncT10x_4_mip_seed1_b10800,1.0,168985.52,149996.9316,11.236814,10858.604,10860.405,10800.0,Integer,,190.0,159.0,50.0,experiments\matheuristics\results_scale_8x10x_mip10800\IncT10x_4_mip_seed1_b10800.json,mip,mip,168985.52,0.0
MAT_mip_10800s,10X,IncT10x_5,IncT10x_5_mip_seed1_b10800,1.0,66696.973,56266.832414,15.638102,10869.994,10871.54,10800.0,Integer,,190.0,159.0,50.0,experiments\matheuristics\results_scale_8x10x_mip10800\IncT10x_5_mip_seed1_b10800.json,mip,mip,66696.973,0.0
MAT_mip_10800s,10X,IncT10x_6,IncT10x_6_mip_seed1_b10800,1.0,111304.255,89998.806037,19.14163,10856.659,10858.446,10800.0,Integer,,190.0,159.0,50.0,experiments\matheuristics\results_scale_8x10x_mip10800\IncT10x_6_mip_seed1_b10800.json,mip,mip,111304.255,0.0
MAT_mip_10800s,8X,IncT8x_2,IncT8x_2_mip_seed1_b10800,1.0,128054.148,119114.37535,6.981244,10823.801,10825.464,10800.0,Integer,,152.0,159.0,50.0,experiments\matheuristics\results_scale_8x10x_mip10800\IncT8x_2_mip_seed1_b10800.json,mip,mip,128054.148,0.0
MAT_mip_10800s,8X,IncT8x_3,IncT8x_3_mip_seed1_b10800,1.0,67597.088,56443.211709,16.500528,10851.836,10853.419,10800.0,Integer,,152.0,159.0,50.0,experiments\matheuristics\results_scale_8x10x_mip10800\IncT8x_3_mip_seed1_b10800.json,mip,mip,67597.088,0.0
MAT_mip_10800s,8X,IncT8x_4,IncT8x_4_mip_seed1_b10800,1.0,159561.553,146138.917624,8.412199,10821.889,10823.465,10800.0,Integer,,152.0,159.0,50.0,experiments\matheuristics\results_scale_8x10x_mip10800\IncT8x_4_mip_seed1_b10800.json,mip,mip,159561.553,0.0
MAT_mip_10800s,8X,IncT8x_5,IncT8x_5_mip_seed1_b10800,1.0,59137.359,51343.598242,13.179082,10819.148,10821.202,10800.0,Integer,,152.0,159.0,50.0,experiments\matheuristics\results_scale_8x10x_mip10800\IncT8x_5_mip_seed1_b10800.json,mip,mip,59137.359,0.0
MAT_mip_10800s,8X,IncT8x_6,IncT8x_6_mip_seed1_b10800,1.0,95679.146,86447.032741,9.649034,10856.183,10858.298,10800.0,Integer,,152.0,159.0,50.0,experiments\matheuristics\results_scale_8x10x_mip10800\IncT8x_6_mip_seed1_b10800.json,mip,mip,95679.146,0.0
MAT_mip_300s,3X,IncT3x_3,IncT3x_3_mip_seed1_b300,1.0,48147.231,,,303.118,304.435,300.0,,,57.0,159.0,50.0,experiments\matheuristics\results_short_budget\IncT3x_3_mip_seed1_b300.json,mip,,48147.231,
MAT_mip_300s,3X,IncT3x_7,IncT3x_7_mip_seed1_b300,1.0,16664.6,,,303.223,304.718,300.0,,,57.0,159.0,50.0,experiments\matheuristics\results_short_budget\IncT3x_7_mip_seed1_b300.json,mip,,16664.6,
MAT_mip_300s,4X,IncT4x_3,IncT4x_3_mip_seed1_b300,1.0,50288.764,,,304.545,305.815,300.0,,,76.0,159.0,50.0,experiments\matheuristics\results_short_budget\IncT4x_3_mip_seed1_b300.json,mip,,50288.764,
MAT_mip_300s,4X,IncT4x_7,IncT4x_7_mip_seed1_b300,1.0,22685.483,,,304.489,305.945,300.0,,,76.0,159.0,50.0,experiments\matheuristics\results_short_budget\IncT4x_7_mip_seed1_b300.json,mip,,22685.483,
MAT_mip_300s,5X,IncT5x_10,IncT5x_10_mip_seed1_b300,1.0,18657.518,,,307.365,308.653,300.0,,,95.0,159.0,50.0,experiments\matheuristics\results_short_budget\IncT5x_10_mip_seed1_b300.json,mip,,18657.518,
MAT_mip_300s,5X,IncT5x_3,IncT5x_3_mip_seed1_b300,1.0,56023.127,,,307.01,308.429,300.0,,,95.0,159.0,50.0,experiments\matheuristics\results_short_budget\IncT5x_3_mip_seed1_b300.json,mip,,56023.127,
MAT_mip_3600s,10X,IncT10x_2,IncT10x_2_mip_seed1_b3600,1.0,185344.308,,,3655.88,3657.416,3600.0,,,190.0,159.0,50.0,experiments\matheuristics\results_scale_8x10x\IncT10x_2_mip_seed1_b3600.json,mip,,185344.308,
MAT_mip_3600s,10X,IncT10x_3,IncT10x_3_mip_seed1_b3600,1.0,102753.138,,,3632.204,3633.703,3600.0,,,190.0,159.0,50.0,experiments\matheuristics\results_scale_8x10x\IncT10x_3_mip_seed1_b3600.json,mip,,102753.138,
MAT_mip_3600s,10X,IncT10x_4,IncT10x_4_mip_seed1_b3600,1.0,185779.606,,,3630.908,3632.851,3600.0,,,190.0,159.0,50.0,experiments\matheuristics\results_scale_8x10x\IncT10x_4_mip_seed1_b3600.json,mip,,185779.606,
MAT_mip_3600s,10X,IncT10x_5,IncT10x_5_mip_seed1_b3600,1.0,68914.12,,,3632.372,3633.881,3600.0,,,190.0,159.0,50.0,experiments\matheuristics\results_scale_8x10x\IncT10x_5_mip_seed1_b3600.json,mip,,68914.12,
MAT_mip_3600s,10X,IncT10x_6,IncT10x_6_mip_seed1_b3600,1.0,130545.565,,,3632.168,3633.691,3600.0,,,190.0,159.0,50.0,experiments\matheuristics\results_scale_8x10x\IncT10x_6_mip_seed1_b3600.json,mip,,130545.565,
MAT_mip_3600s,8X,IncT8x_2,IncT8x_2_mip_seed1_b3600,1.0,131839.464,,,3627.518,3628.982,3600.0,,,152.0,159.0,50.0,experiments\matheuristics\results_scale_8x10x\IncT8x_2_mip_seed1_b3600.json,mip,,131839.464,
MAT_mip_3600s,8X,IncT8x_3,IncT8x_3_mip_seed1_b3600,1.0,71839.478,,,3625.714,3627.174,3600.0,,,152.0,159.0,50.0,experiments\matheuristics\results_scale_8x10x\IncT8x_3_mip_seed1_b3600.json,mip,,71839.478,
MAT_mip_3600s,8X,IncT8x_4,IncT8x_4_mip_seed1_b3600,1.0,166073.216,,,3635.125,3636.66,3600.0,,,152.0,159.0,50.0,experiments\matheuristics\results_scale_8x10x\IncT8x_4_mip_seed1_b3600.json,mip,,166073.216,
MAT_mip_3600s,8X,IncT8x_5,IncT8x_5_mip_seed1_b3600,1.0,59924.391,,,3628.871,3630.386,3600.0,,,152.0,159.0,50.0,experiments\matheuristics\results_scale_8x10x\IncT8x_5_mip_seed1_b3600.json,mip,,59924.391,
MAT_mip_3600s,8X,IncT8x_6,IncT8x_6_mip_seed1_b3600,1.0,103833.803,,,3626.873,3628.437,3600.0,,,152.0,159.0,50.0,experiments\matheuristics\results_scale_8x10x\IncT8x_6_mip_seed1_b3600.json,mip,,103833.803,
MAT_mip_600s,10X,IncT10x_2,IncT10x_2_mip_seed1_b600,1.0,248321.772,,,632.707,634.247,600.0,,,190.0,159.0,50.0,experiments\matheuristics\results_production\b600\IncT10x_2_mip_seed1_b600.json,mip,mip,248321.772,0.0
MAT_mip_600s,10X,IncT10x_3,IncT10x_3_mip_seed1_b600,1.0,156039.613,,,631.91,633.472,600.0,,,190.0,159.0,50.0,experiments\matheuristics\results_production\b600\IncT10x_3_mip_seed1_b600.json,mip,mip,156039.613,0.0
MAT_mip_600s,10X,IncT10x_4,IncT10x_4_mip_seed1_b600,1.0,367547.857,,,632.29,633.823,600.0,,,190.0,159.0,50.0,experiments\matheuristics\results_production\b600\IncT10x_4_mip_seed1_b600.json,mip,mip,367547.857,0.0
MAT_mip_600s,10X,IncT10x_5,IncT10x_5_mip_seed1_b600,1.0,81716.847,,,633.942,635.555,600.0,,,190.0,159.0,50.0,experiments\matheuristics\results_production\b600\IncT10x_5_mip_seed1_b600.json,mip,mip,81716.847,0.0
MAT_mip_600s,10X,IncT10x_6,IncT10x_6_mip_seed1_b600,1.0,191754.857,,,633.538,635.141,600.0,,,190.0,159.0,50.0,experiments\matheuristics\results_production\b600\IncT10x_6_mip_seed1_b600.json,mip,mip,191754.857,0.0
MAT_mip_600s,2X,IncT2X_1,IncT2X_1_mip_seed1_b600,1.0,40179.544,,,374.675,376.118,600.0,,,38.0,159.0,50.0,experiments\matheuristics\results_production\b600\IncT2X_1_mip_seed1_b600.json,mip,mip,40179.544,0.0
MAT_mip_600s,2X,IncT2X_10,IncT2X_10_mip_seed1_b600,1.0,8335.23,,,207.761,209.227,600.0,,,38.0,159.0,50.0,experiments\matheuristics\results_production\b600\IncT2X_10_mip_seed1_b600.json,mip,mip,8335.23,0.0
MAT_mip_600s,2X,IncT2X_2,IncT2X_2_mip_seed1_b600,1.0,105100.906,,,51.78,53.067,600.0,,,38.0,159.0,50.0,experiments\matheuristics\results_production\b600\IncT2X_2_mip_seed1_b600.json,mip,mip,105100.906,0.0
MAT_mip_600s,2X,IncT2X_3,IncT2X_3_mip_seed1_b600,1.0,42939.345,,,602.154,603.621,600.0,,,38.0,159.0,50.0,experiments\matheuristics\results_production\b600\IncT2X_3_mip_seed1_b600.json,mip,mip,42939.345,0.0
MAT_mip_600s,2X,IncT2X_4,IncT2X_4_mip_seed1_b600,1.0,131571.0,,,60.293,61.61,600.0,,,38.0,159.0,50.0,experiments\matheuristics\results_production\b600\IncT2X_4_mip_seed1_b600.json,mip,mip,131571.0,0.0
MAT_mip_600s,2X,IncT2X_5,IncT2X_5_mip_seed1_b600,1.0,38183.994,,,304.957,306.422,600.0,,,38.0,159.0,50.0,experiments\matheuristics\results_production\b600\IncT2X_5_mip_seed1_b600.json,mip,mip,38183.994,0.0
MAT_mip_600s,2X,IncT2X_6,IncT2X_6_mip_seed1_b600,1.0,70335.169,,,498.216,499.713,600.0,,,38.0,159.0,50.0,experiments\matheuristics\results_production\b600\IncT2X_6_mip_seed1_b600.json,mip,mip,70335.169,0.0
MAT_mip_600s,2X,IncT2X_7,IncT2X_7_mip_seed1_b600,1.0,13554.95,,,601.56,603.026,600.0,,,38.0,159.0,50.0,experiments\matheuristics\results_production\b600\IncT2X_7_mip_seed1_b600.json,mip,mip,13554.95,0.0
MAT_mip_600s,2X,IncT2X_8,IncT2X_8_mip_seed1_b600,1.0,169018.311,,,133.903,135.202,600.0,,,38.0,159.0,50.0,experiments\matheuristics\results_production\b600\IncT2X_8_mip_seed1_b600.json,mip,mip,169018.311,0.0
MAT_mip_600s,2X,IncT2X_9,IncT2X_9_mip_seed1_b600,1.0,18670.071,,,601.739,603.268,600.0,,,38.0,159.0,50.0,experiments\matheuristics\results_production\b600\IncT2X_9_mip_seed1_b600.json,mip,mip,18670.071,0.0
MAT_mip_600s,3X,IncT3x_1,IncT3x_1_mip_seed1_b600,1.0,43503.221,,,602.82,604.464,600.0,,,57.0,159.0,50.0,experiments\matheuristics\results_production\b600\IncT3x_1_mip_seed1_b600.json,mip,mip,43503.221,0.0
MAT_mip_600s,3X,IncT3x_10,IncT3x_10_mip_seed1_b600,1.0,11062.028,,,603.873,605.782,600.0,,,57.0,159.0,50.0,experiments\matheuristics\results_production\b600\IncT3x_10_mip_seed1_b600.json,mip,mip,11062.028,0.0
MAT_mip_600s,3X,IncT3x_2,IncT3x_2_mip_seed1_b600,1.0,108728.958,,,604.133,605.741,600.0,,,57.0,159.0,50.0,experiments\matheuristics\results_production\b600\IncT3x_2_mip_seed1_b600.json,mip,mip,108728.958,0.0
MAT_mip_600s,3X,IncT3x_3,IncT3x_3_mip_seed1_b600,1.0,46210.117,,,602.565,603.841,600.0,,,57.0,159.0,50.0,experiments\matheuristics\results_short_budget\IncT3x_3_mip_seed1_b600.json,mip,,46210.117,
MAT_mip_600s,3X,IncT3x_3,IncT3x_3_mip_seed1_b600,1.0,46211.617,,,603.12,604.692,600.0,,,57.0,159.0,50.0,experiments\matheuristics\results_production\b600\IncT3x_3_mip_seed1_b600.json,mip,mip,46211.617,0.0
MAT_mip_600s,3X,IncT3x_4,IncT3x_4_mip_seed1_b600,1.0,134477.501,,,604.218,605.541,600.0,,,57.0,159.0,50.0,experiments\matheuristics\results_production\b600\IncT3x_4_mip_seed1_b600.json,mip,mip,134477.501,0.0
MAT_mip_600s,3X,IncT3x_5,IncT3x_5_mip_seed1_b600,1.0,40735.322,,,603.307,604.986,600.0,,,57.0,159.0,50.0,experiments\matheuristics\results_production\b600\IncT3x_5_mip_seed1_b600.json,mip,mip,40735.322,0.0
MAT_mip_600s,3X,IncT3x_6,IncT3x_6_mip_seed1_b600,1.0,73632.475,,,602.734,604.258,600.0,,,57.0,159.0,50.0,experiments\matheuristics\results_production\b600\IncT3x_6_mip_seed1_b600.json,mip,mip,73632.475,0.0
MAT_mip_600s,3X,IncT3x_7,IncT3x_7_mip_seed1_b600,1.0,16651.675,,,602.532,603.986,600.0,,,57.0,159.0,50.0,experiments\matheuristics\results_short_budget\IncT3x_7_mip_seed1_b600.json,mip,,16651.675,
MAT_mip_600s,3X,IncT3x_7,IncT3x_7_mip_seed1_b600,1.0,17035.756,,,602.732,604.273,600.0,,,57.0,159.0,50.0,experiments\matheuristics\results_production\b600\IncT3x_7_mip_seed1_b600.json,mip,mip,17035.756,0.0
MAT_mip_600s,3X,IncT3x_8,IncT3x_8_mip_seed1_b600,1.0,171950.123,,,603.387,604.949,600.0,,,57.0,159.0,50.0,experiments\matheuristics\results_production\b600\IncT3x_8_mip_seed1_b600.json,mip,mip,171950.123,0.0
MAT_mip_600s,3X,IncT3x_9,IncT3x_9_mip_seed1_b600,1.0,21831.245,,,602.658,604.211,600.0,,,57.0,159.0,50.0,experiments\matheuristics\results_production\b600\IncT3x_9_mip_seed1_b600.json,mip,mip,21831.245,0.0
MAT_mip_600s,4X,IncT4x_1,IncT4x_1_mip_seed1_b600,1.0,46995.599,,,611.691,613.19,600.0,,,76.0,159.0,50.0,experiments\matheuristics\results_production\b600\IncT4x_1_mip_seed1_b600.json,mip,mip,46995.599,0.0
MAT_mip_600s,4X,IncT4x_10,IncT4x_10_mip_seed1_b600,1.0,14995.081,,,605.913,607.442,600.0,,,76.0,159.0,50.0,experiments\matheuristics\results_production\b600\IncT4x_10_mip_seed1_b600.json,mip,mip,14995.081,0.0
MAT_mip_600s,4X,IncT4x_2,IncT4x_2_mip_seed1_b600,1.0,112458.243,,,609.066,610.607,600.0,,,76.0,159.0,50.0,experiments\matheuristics\results_production\b600\IncT4x_2_mip_seed1_b600.json,mip,mip,112458.243,0.0
MAT_mip_600s,4X,IncT4x_3,IncT4x_3_mip_seed1_b600,1.0,49521.664,,,610.083,611.509,600.0,,,76.0,159.0,50.0,experiments\matheuristics\results_short_budget\IncT4x_3_mip_seed1_b600.json,mip,,49521.664,
MAT_mip_600s,4X,IncT4x_3,IncT4x_3_mip_seed1_b600,1.0,49550.389,,,608.578,610.719,600.0,,,76.0,159.0,50.0,experiments\matheuristics\results_production\b600\IncT4x_3_mip_seed1_b600.json,mip,mip,49550.389,0.0
MAT_mip_600s,4X,IncT4x_4,IncT4x_4_mip_seed1_b600,1.0,140937.529,,,605.68,606.981,600.0,,,76.0,159.0,50.0,experiments\matheuristics\results_production\b600\IncT4x_4_mip_seed1_b600.json,mip,mip,140937.529,0.0
MAT_mip_600s,4X,IncT4x_5,IncT4x_5_mip_seed1_b600,1.0,43438.275,,,605.396,607.572,600.0,,,76.0,159.0,50.0,experiments\matheuristics\results_production\b600\IncT4x_5_mip_seed1_b600.json,mip,mip,43438.275,0.0
MAT_mip_600s,4X,IncT4x_6,IncT4x_6_mip_seed1_b600,1.0,78230.194,,,604.817,606.16,600.0,,,76.0,159.0,50.0,experiments\matheuristics\results_production\b600\IncT4x_6_mip_seed1_b600.json,mip,mip,78230.194,0.0
MAT_mip_600s,4X,IncT4x_7,IncT4x_7_mip_seed1_b600,1.0,21657.453,,,605.355,606.779,600.0,,,76.0,159.0,50.0,experiments\matheuristics\results_short_budget\IncT4x_7_mip_seed1_b600.json,mip,,21657.453,
MAT_mip_600s,4X,IncT4x_7,IncT4x_7_mip_seed1_b600,1.0,21637.253,,,605.151,606.706,600.0,,,76.0,159.0,50.0,experiments\matheuristics\results_production\b600\IncT4x_7_mip_seed1_b600.json,mip,mip,21637.253,0.0
MAT_mip_600s,4X,IncT4x_8,IncT4x_8_mip_seed1_b600,1.0,175549.4,,,611.429,613.808,600.0,,,76.0,159.0,50.0,experiments\matheuristics\results_production\b600\IncT4x_8_mip_seed1_b600.json,mip,mip,175549.4,0.0
MAT_mip_600s,4X,IncT4x_9,IncT4x_9_mip_seed1_b600,1.0,25270.794,,,604.982,606.567,600.0,,,76.0,159.0,50.0,experiments\matheuristics\results_production\b600\IncT4x_9_mip_seed1_b600.json,mip,mip,25270.794,0.0
MAT_mip_600s,5X,IncT5x_1,IncT5x_1_mip_seed1_b600,1.0,53900.57,,,607.92,609.491,600.0,,,95.0,159.0,50.0,experiments\matheuristics\results_production\b600\IncT5x_1_mip_seed1_b600.json,mip,mip,53900.57,0.0
MAT_mip_600s,5X,IncT5x_10,IncT5x_10_mip_seed1_b600,1.0,17880.24,,,607.708,609.143,600.0,,,95.0,159.0,50.0,experiments\matheuristics\results_short_budget\IncT5x_10_mip_seed1_b600.json,mip,,17880.24,
MAT_mip_600s,5X,IncT5x_10,IncT5x_10_mip_seed1_b600,1.0,18416.365,,,607.679,609.267,600.0,,,95.0,159.0,50.0,experiments\matheuristics\results_production\b600\IncT5x_10_mip_seed1_b600.json,mip,mip,18416.365,0.0
MAT_mip_600s,5X,IncT5x_2,IncT5x_2_mip_seed1_b600,1.0,118538.381,,,608.086,609.43,600.0,,,95.0,159.0,50.0,experiments\matheuristics\results_production\b600\IncT5x_2_mip_seed1_b600.json,mip,mip,118538.381,0.0
MAT_mip_600s,5X,IncT5x_3,IncT5x_3_mip_seed1_b600,1.0,55824.522,,,607.293,608.576,600.0,,,95.0,159.0,50.0,experiments\matheuristics\results_short_budget\IncT5x_3_mip_seed1_b600.json,mip,,55824.522,
MAT_mip_600s,5X,IncT5x_3,IncT5x_3_mip_seed1_b600,1.0,56911.122,,,607.556,609.106,600.0,,,95.0,159.0,50.0,experiments\matheuristics\results_production\b600\IncT5x_3_mip_seed1_b600.json,mip,mip,56911.122,0.0
MAT_mip_600s,5X,IncT5x_4,IncT5x_4_mip_seed1_b600,1.0,149151.022,,,608.211,609.712,600.0,,,95.0,159.0,50.0,experiments\matheuristics\results_production\b600\IncT5x_4_mip_seed1_b600.json,mip,mip,149151.022,0.0
MAT_mip_600s,5X,IncT5x_5,IncT5x_5_mip_seed1_b600,1.0,47532.05,,,607.65,609.181,600.0,,,95.0,159.0,50.0,experiments\matheuristics\results_production\b600\IncT5x_5_mip_seed1_b600.json,mip,mip,47532.05,0.0
MAT_mip_600s,5X,IncT5x_6,IncT5x_6_mip_seed1_b600,1.0,81217.962,,,607.579,608.952,600.0,,,95.0,159.0,50.0,experiments\matheuristics\results_production\b600\IncT5x_6_mip_seed1_b600.json,mip,mip,81217.962,0.0
MAT_mip_600s,5X,IncT5x_7,IncT5x_7_mip_seed1_b600,1.0,24141.136,,,607.806,609.352,600.0,,,95.0,159.0,50.0,experiments\matheuristics\results_production\b600\IncT5x_7_mip_seed1_b600.json,mip,mip,24141.136,0.0
MAT_mip_600s,5X,IncT5x_8,IncT5x_8_mip_seed1_b600,1.0,177899.482,,,608.419,609.911,600.0,,,95.0,159.0,50.0,experiments\matheuristics\results_production\b600\IncT5x_8_mip_seed1_b600.json,mip,mip,177899.482,0.0
MAT_mip_600s,5X,IncT5x_9,IncT5x_9_mip_seed1_b600,1.0,28791.293,,,607.346,608.651,600.0,,,95.0,159.0,50.0,experiments\matheuristics\results_production\b600\IncT5x_9_mip_seed1_b600.json,mip,mip,28791.293,0.0
MAT_mip_600s,8X,IncT8x_2,IncT8x_2_mip_seed1_b600,1.0,141748.933,,,619.115,620.472,600.0,,,152.0,159.0,50.0,experiments\matheuristics\results_production\b600\IncT8x_2_mip_seed1_b600.json,mip,mip,141748.933,0.0
MAT_mip_600s,8X,IncT8x_3,IncT8x_3_mip_seed1_b600,1.0,72423.653,,,619.563,621.108,600.0,,,152.0,159.0,50.0,experiments\matheuristics\results_production\b600\IncT8x_3_mip_seed1_b600.json,mip,mip,72423.653,0.0
MAT_mip_600s,8X,IncT8x_4,IncT8x_4_mip_seed1_b600,1.0,177731.634,,,626.161,627.729,600.0,,,152.0,159.0,50.0,experiments\matheuristics\results_production\b600\IncT8x_4_mip_seed1_b600.json,mip,mip,177731.634,0.0
MAT_mip_600s,8X,IncT8x_5,IncT8x_5_mip_seed1_b600,1.0,85982.556,,,619.745,621.238,600.0,,,152.0,159.0,50.0,experiments\matheuristics\results_production\b600\IncT8x_5_mip_seed1_b600.json,mip,mip,85982.556,0.0
MAT_mip_600s,8X,IncT8x_6,IncT8x_6_mip_seed1_b600,1.0,110285.39,,,629.377,630.91,600.0,,,152.0,159.0,50.0,experiments\matheuristics\results_production\b600\IncT8x_6_mip_seed1_b600.json,mip,mip,110285.39,0.0
MAT_mip_600s,Real,Ale_1,Ale_1_mip_seed1_b600,1.0,86264.683,,,49.294,50.608,600.0,,,25.0,160.0,50.0,experiments\matheuristics\results_production\b600\Ale_1_mip_seed1_b600.json,mip,mip,86264.683,0.0
MAT_mip_600s,Real,Ale_10,Ale_10_mip_seed1_b600,1.0,5639.568,,,2.864,4.139,600.0,,,19.0,159.0,50.0,experiments\matheuristics\results_production\b600\Ale_10_mip_seed1_b600.json,mip,mip,5639.568,0.0
MAT_mip_600s,Real,Ale_2,Ale_2_mip_seed1_b600,1.0,99950.709,,,2.606,3.884,600.0,,,19.0,159.0,50.0,experiments\matheuristics\results_production\b600\Ale_2_mip_seed1_b600.json,mip,mip,99950.709,0.0
MAT_mip_600s,Real,Ale_3,Ale_3_mip_seed1_b600,1.0,39695.173,,,3.157,4.44,600.0,,,19.0,159.0,50.0,experiments\matheuristics\results_production\b600\Ale_3_mip_seed1_b600.json,mip,mip,39695.173,0.0
MAT_mip_600s,Real,Ale_4,Ale_4_mip_seed1_b600,1.0,127725.976,,,2.972,4.238,600.0,,,19.0,159.0,50.0,experiments\matheuristics\results_production\b600\Ale_4_mip_seed1_b600.json,mip,mip,127725.976,0.0
MAT_mip_600s,Real,Ale_5,Ale_5_mip_seed1_b600,1.0,35426.141,,,3.097,4.375,600.0,,,19.0,159.0,50.0,experiments\matheuristics\results_production\b600\Ale_5_mip_seed1_b600.json,mip,mip,35426.141,0.0
MAT_mip_600s,Real,Ale_6,Ale_6_mip_seed1_b600,1.0,66677.463,,,2.312,3.595,600.0,,,19.0,159.0,50.0,experiments\matheuristics\results_production\b600\Ale_6_mip_seed1_b600.json,mip,mip,66677.463,0.0
MAT_mip_600s,Real,Ale_7,Ale_7_mip_seed1_b600,1.0,10568.618,,,44.207,45.501,600.0,,,19.0,159.0,50.0,experiments\matheuristics\results_production\b600\Ale_7_mip_seed1_b600.json,mip,mip,10568.618,0.0
MAT_mip_600s,Real,Ale_8,Ale_8_mip_seed1_b600,1.0,160911.938,,,2.211,3.502,600.0,,,19.0,159.0,50.0,experiments\matheuristics\results_production\b600\Ale_8_mip_seed1_b600.json,mip,mip,160911.938,0.0
MAT_mip_600s,Real,Ale_9,Ale_9_mip_seed1_b600,1.0,15627.917,,,3.353,4.647,600.0,,,19.0,159.0,50.0,experiments\matheuristics\results_production\b600\Ale_9_mip_seed1_b600.json,mip,mip,15627.917,0.0
MAT_rf_3600s,2X,IncT2X_1,IncT2X_1_rf_seed1,1.0,40745.83,,,22.212,22.233,3600.0,,,38.0,159.0,50.0,experiments\matheuristics\results_pilot\IncT2X_1_rf_seed1.json,rf,,40745.83,
MAT_rf_3600s,3X,IncT3x_3,IncT3x_3_rf_seed1,1.0,46177.467,,,71.512,71.534,3600.0,,,57.0,159.0,50.0,experiments\matheuristics\results_pilot\IncT3x_3_rf_seed1.json,rf,,46177.467,
MAT_rf_3600s,3X,IncT3x_7,IncT3x_7_rf_seed1,1.0,17001.681,,,79.565,79.586,3600.0,,,57.0,159.0,50.0,experiments\matheuristics\results_pilot\IncT3x_7_rf_seed1.json,rf,,17001.681,
MAT_rf_3600s,4X,IncT4x_3,IncT4x_3_rf_seed1,1.0,50256.782,,,204.362,204.386,3600.0,,,76.0,159.0,50.0,experiments\matheuristics\results_pilot\IncT4x_3_rf_seed1.json,rf,,50256.782,
MAT_rf_3600s,4X,IncT4x_7,IncT4x_7_rf_seed1,1.0,19952.367,,,199.796,199.821,3600.0,,,76.0,159.0,50.0,experiments\matheuristics\results_pilot\IncT4x_7_rf_seed1.json,rf,,19952.367,
MAT_rf_3600s,5X,IncT5x_10,IncT5x_10_rf_seed1,1.0,21991.69,,,447.69,447.715,3600.0,,,95.0,159.0,50.0,experiments\matheuristics\results_pilot\IncT5x_10_rf_seed1.json,rf,,21991.69,
MAT_rf_3600s,5X,IncT5x_3,IncT5x_3_rf_seed1,1.0,54879.119,,,388.74,388.765,3600.0,,,95.0,159.0,50.0,experiments\matheuristics\results_pilot\IncT5x_3_rf_seed1.json,rf,,54879.119,
MAT_rf_3600s,Real,Ale_1,Ale_1_rf_seed1,1.0,91993.707,,,7.473,7.493,3600.0,,,25.0,160.0,50.0,experiments\matheuristics\results_pilot\Ale_1_rf_seed1.json,rf,,91993.707,
MAT_rf_fo_300s,3X,IncT3x_3,IncT3x_3_rf_fo_seed1_b300,1.0,47769.556,,,216.525,294.589,300.0,,,57.0,159.0,50.0,experiments\matheuristics\results_short_budget\IncT3x_3_rf_fo_seed1_b300.json,rf+fo,,76138.48,
MAT_rf_fo_300s,3X,IncT3x_7,IncT3x_7_rf_fo_seed1_b300,1.0,16702.607,,,281.504,305.067,300.0,,,57.0,159.0,50.0,experiments\matheuristics\results_short_budget\IncT3x_7_rf_fo_seed1_b300.json,rf+fo,,20915.065,
MAT_rf_fo_300s,4X,IncT4x_3,IncT4x_3_rf_fo_seed1_b300,1.0,51437.32,,,278.454,294.024,300.0,,,76.0,159.0,50.0,experiments\matheuristics\results_short_budget\IncT4x_3_rf_fo_seed1_b300.json,rf+fo,,4467245.044,
MAT_rf_fo_300s,4X,IncT4x_7,IncT4x_7_rf_fo_seed1_b300,1.0,23259.55,,,297.882,299.302,300.0,,,76.0,159.0,50.0,experiments\matheuristics\results_short_budget\IncT4x_7_rf_fo_seed1_b300.json,rf+fo,,4517213.693,
MAT_rf_fo_300s,5X,IncT5x_10,IncT5x_10_rf_fo_seed1_autopsy_b300,1.0,1064433.166,,,300.676,302.255,300.0,,,95.0,159.0,50.0,experiments\matheuristics\results_pilot\IncT5x_10_rf_fo_seed1_autopsy_b300.json,rf+fo,,15374552.554,
MAT_rf_fo_300s,5X,IncT5x_10,IncT5x_10_rf_fo_seed1_b300,1.0,999420.861,,,301.592,303.082,300.0,,,95.0,159.0,50.0,experiments\matheuristics\results_short_budget\IncT5x_10_rf_fo_seed1_b300.json,rf+fo,,15353974.912,
MAT_rf_fo_300s,5X,IncT5x_10,IncT5x_10_rf_fo_seed1_b300,1.0,19557.383,,,309.251,310.811,300.0,,,95.0,159.0,50.0,experiments\matheuristics\results_short_budget_v2\IncT5x_10_rf_fo_seed1_b300.json,rf+fo,,177211.478,
MAT_rf_fo_300s,5X,IncT5x_3,IncT5x_3_rf_fo_seed1_b300,1.0,93627.594,,,301.318,302.775,300.0,,,95.0,159.0,50.0,experiments\matheuristics\results_short_budget\IncT5x_3_rf_fo_seed1_b300.json,rf+fo,,13799585.335,
MAT_rf_fo_300s,5X,IncT5x_3,IncT5x_3_rf_fo_seed1_b300,1.0,64099.456,,,292.466,293.959,300.0,,,95.0,159.0,50.0,experiments\matheuristics\results_short_budget_v2\IncT5x_3_rf_fo_seed1_b300.json,rf+fo,,137642.015,
MAT_rf_fo_3600s,10X,IncT10x_2,IncT10x_2_rf_fo_seed1_b3600,1.0,209676.831,,,3608.332,3610.104,3600.0,,,190.0,159.0,50.0,experiments\matheuristics\results_scale_8x10x\IncT10x_2_rf_fo_seed1_b3600.json,rf+fo,,165167571.364,
MAT_rf_fo_3600s,10X,IncT10x_2,IncT10x_2_rf_fo_seed1_b3600,1.0,142834.183,,,3569.274,3625.142,3600.0,,,190.0,159.0,50.0,experiments\matheuristics\results_scale_8x10x_v2\IncT10x_2_rf_fo_seed1_b3600.json,rf+fo,greedy_floor,64949157.152,843.387
MAT_rf_fo_3600s,10X,IncT10x_3,IncT10x_3_rf_fo_seed1_b3600,1.0,128314.728,,,3596.757,3598.227,3600.0,,,190.0,159.0,50.0,experiments\matheuristics\results_scale_8x10x\IncT10x_3_rf_fo_seed1_b3600.json,rf+fo,,154222286.516,
MAT_rf_fo_3600s,10X,IncT10x_3,IncT10x_3_rf_fo_seed1_b3600,1.0,88476.214,,,3358.116,3595.263,3600.0,,,190.0,159.0,50.0,experiments\matheuristics\results_scale_8x10x_v2\IncT10x_3_rf_fo_seed1_b3600.json,rf+fo,greedy_floor,50914291.231,797.53
MAT_rf_fo_3600s,10X,IncT10x_4,IncT10x_4_rf_fo_seed1_b3600,1.0,216208.276,,,3625.926,3627.592,3600.0,,,190.0,159.0,50.0,experiments\matheuristics\results_scale_8x10x\IncT10x_4_rf_fo_seed1_b3600.json,rf+fo,,159413104.662,
MAT_rf_fo_3600s,10X,IncT10x_4,IncT10x_4_rf_fo_seed1_b3600,1.0,172982.609,,,3445.505,3593.861,3600.0,,,190.0,159.0,50.0,experiments\matheuristics\results_scale_8x10x_v2\IncT10x_4_rf_fo_seed1_b3600.json,rf+fo,greedy_floor,53481810.021,796.912
MAT_rf_fo_3600s,10X,IncT10x_5,IncT10x_5_rf_fo_seed1_b3600,1.0,154102.825,,,3616.053,3617.75,3600.0,,,190.0,159.0,50.0,experiments\matheuristics\results_scale_8x10x\IncT10x_5_rf_fo_seed1_b3600.json,rf+fo,,155724693.239,
MAT_rf_fo_3600s,10X,IncT10x_5,IncT10x_5_rf_fo_seed1_b3600,1.0,83018.375,,,3619.55,3620.981,3600.0,,,190.0,159.0,50.0,experiments\matheuristics\results_scale_8x10x_v2\IncT10x_5_rf_fo_seed1_b3600.json,rf+fo,greedy_floor,52350388.486,798.174
MAT_rf_fo_3600s,10X,IncT10x_5,IncT10x_5_rf_fo_seed2_b3600,2.0,82540.101,,,3574.421,3624.316,3600.0,,,190.0,159.0,50.0,experiments\matheuristics\results_production\c_seeds\IncT10x_5_rf_fo_seed2_b3600.json,rf+fo,greedy_floor,52350388.486,818.806
MAT_rf_fo_3600s,10X,IncT10x_5,IncT10x_5_rf_fo_seed3_b3600,3.0,78246.765,,,3550.28,3601.448,3600.0,,,190.0,159.0,50.0,experiments\matheuristics\results_production\c_seeds\IncT10x_5_rf_fo_seed3_b3600.json,rf+fo,greedy_floor,52350388.486,802.114
MAT_rf_fo_3600s,10X,IncT10x_6,IncT10x_6_rf_fo_seed1_b3600,1.0,161011.652,,,3593.253,3594.937,3600.0,,,190.0,159.0,50.0,experiments\matheuristics\results_scale_8x10x\IncT10x_6_rf_fo_seed1_b3600.json,rf+fo,,158178518.819,
MAT_rf_fo_3600s,10X,IncT10x_6,IncT10x_6_rf_fo_seed1_b3600,1.0,109047.046,,,3508.196,3604.186,3600.0,,,190.0,159.0,50.0,experiments\matheuristics\results_scale_8x10x_v2\IncT10x_6_rf_fo_seed1_b3600.json,rf+fo,greedy_floor,53309346.263,797.983
MAT_rf_fo_3600s,2X,IncT2X_1,IncT2X_1_rf_fo_seed1,1.0,40661.805,,,79.094,3600.023,3600.0,,,38.0,159.0,50.0,experiments\matheuristics\results_pilot\IncT2X_1_rf_fo_seed1.json,rf+fo,,40745.83,
MAT_rf_fo_3600s,2X,IncT2X_1,IncT2X_1_rf_fo_seed1_b3600,1.0,40395.882,,,537.148,3593.137,3600.0,,,38.0,159.0,50.0,experiments\matheuristics\results_production\a3600\IncT2X_1_rf_fo_seed1_b3600.json,rf+fo,rf,40745.83,23.514
MAT_rf_fo_3600s,2X,IncT2X_10,IncT2X_10_rf_fo_seed1_b3600,1.0,8402.793,,,39.535,3593.28,3600.0,,,38.0,159.0,50.0,experiments\matheuristics\results_production\a3600\IncT2X_10_rf_fo_seed1_b3600.json,rf+fo,rf,9131.803,21.07
MAT_rf_fo_3600s,2X,IncT2X_2,IncT2X_2_rf_fo_seed1_b3600,1.0,105211.081,,,66.602,3592.77,3600.0,,,38.0,159.0,50.0,experiments\matheuristics\results_production\a3600\IncT2X_2_rf_fo_seed1_b3600.json,rf+fo,rf,106524.226,20.467
MAT_rf_fo_3600s,2X,IncT2X_3,IncT2X_3_rf_fo_seed1_b3600,1.0,42940.295,,,23.118,3592.824,3600.0,,,38.0,159.0,50.0,experiments\matheuristics\results_production\a3600\IncT2X_3_rf_fo_seed1_b3600.json,rf+fo,rf,42940.295,21.581
MAT_rf_fo_3600s,2X,IncT2X_4,IncT2X_4_rf_fo_seed1_b3600,1.0,132100.436,,,291.456,3594.358,3600.0,,,38.0,159.0,50.0,experiments\matheuristics\results_production\a3600\IncT2X_4_rf_fo_seed1_b3600.json,rf+fo,rf,147893.679,22.369
MAT_rf_fo_3600s,2X,IncT2X_5,IncT2X_5_rf_fo_seed1_b3600,1.0,38265.119,,,42.312,3596.667,3600.0,,,38.0,159.0,50.0,experiments\matheuristics\results_production\a3600\IncT2X_5_rf_fo_seed1_b3600.json,rf+fo,rf,38543.962,23.198
MAT_rf_fo_3600s,2X,IncT2X_6,IncT2X_6_rf_fo_seed1_b3600,1.0,70572.794,,,355.924,3594.205,3600.0,,,38.0,159.0,50.0,experiments\matheuristics\results_production\a3600\IncT2X_6_rf_fo_seed1_b3600.json,rf+fo,rf,71062.667,21.758
MAT_rf_fo_3600s,2X,IncT2X_7,IncT2X_7_rf_fo_seed1_b3600,1.0,13618.675,,,88.814,3596.682,3600.0,,,38.0,159.0,50.0,experiments\matheuristics\results_production\a3600\IncT2X_7_rf_fo_seed1_b3600.json,rf+fo,rf,13799.605,27.055
MAT_rf_fo_3600s,2X,IncT2X_8,IncT2X_8_rf_fo_seed1_b3600,1.0,169724.484,,,199.574,3592.101,3600.0,,,38.0,159.0,50.0,experiments\matheuristics\results_production\a3600\IncT2X_8_rf_fo_seed1_b3600.json,rf+fo,rf,170004.314,17.504
MAT_rf_fo_3600s,2X,IncT2X_9,IncT2X_9_rf_fo_seed1_b3600,1.0,18794.183,,,58.616,3593.606,3600.0,,,38.0,159.0,50.0,experiments\matheuristics\results_production\a3600\IncT2X_9_rf_fo_seed1_b3600.json,rf+fo,rf,20824.26,22.804
MAT_rf_fo_3600s,3X,IncT3x_1,IncT3x_1_rf_fo_seed1_b3600,1.0,44071.776,,,484.21,3593.914,3600.0,,,57.0,159.0,50.0,experiments\matheuristics\results_production\a3600\IncT3x_1_rf_fo_seed1_b3600.json,rf+fo,rf,44323.481,82.278
MAT_rf_fo_3600s,3X,IncT3x_10,IncT3x_10_rf_fo_seed1_b3600,1.0,11392.717,,,164.338,3592.204,3600.0,,,57.0,159.0,50.0,experiments\matheuristics\results_production\a3600\IncT3x_10_rf_fo_seed1_b3600.json,rf+fo,rf,12087.952,78.869
MAT_rf_fo_3600s,3X,IncT3x_2,IncT3x_2_rf_fo_seed1_b3600,1.0,108784.587,,,972.855,3594.069,3600.0,,,57.0,159.0,50.0,experiments\matheuristics\results_production\a3600\IncT3x_2_rf_fo_seed1_b3600.json,rf+fo,rf,110670.331,71.772
MAT_rf_fo_3600s,3X,IncT3x_3,IncT3x_3_rf_fo_seed1,1.0,46175.567,,,96.904,3600.035,3600.0,,,57.0,159.0,50.0,experiments\matheuristics\results_pilot\IncT3x_3_rf_fo_seed1.json,rf+fo,,46177.467,
MAT_rf_fo_3600s,3X,IncT3x_3,IncT3x_3_rf_fo_seed1_b3600,1.0,46177.467,,,77.286,3596.836,3600.0,,,57.0,159.0,50.0,experiments\matheuristics\results_production\a3600\IncT3x_3_rf_fo_seed1_b3600.json,rf+fo,rf,46177.467,74.189
MAT_rf_fo_3600s,3X,IncT3x_3,IncT3x_3_rf_fo_seed2_b3600,2.0,46177.467,,,78.379,3593.367,3600.0,,,57.0,159.0,50.0,experiments\matheuristics\results_production\c_seeds\IncT3x_3_rf_fo_seed2_b3600.json,rf+fo,rf,46177.467,74.931
MAT_rf_fo_3600s,3X,IncT3x_3,IncT3x_3_rf_fo_seed3_b3600,3.0,46177.467,,,73.281,3596.141,3600.0,,,57.0,159.0,50.0,experiments\matheuristics\results_production\c_seeds\IncT3x_3_rf_fo_seed3_b3600.json,rf+fo,rf,46177.467,70.09
MAT_rf_fo_3600s,3X,IncT3x_4,IncT3x_4_rf_fo_seed1_b3600,1.0,135703.95,,,1263.975,3592.209,3600.0,,,57.0,159.0,50.0,experiments\matheuristics\results_production\a3600\IncT3x_4_rf_fo_seed1_b3600.json,rf+fo,rf,151333.577,86.011
MAT_rf_fo_3600s,3X,IncT3x_5,IncT3x_5_rf_fo_seed1_b3600,1.0,41043.244,,,288.331,3597.877,3600.0,,,57.0,159.0,50.0,experiments\matheuristics\results_production\a3600\IncT3x_5_rf_fo_seed1_b3600.json,rf+fo,rf,41271.31,79.795
MAT_rf_fo_3600s,3X,IncT3x_6,IncT3x_6_rf_fo_seed1_b3600,1.0,74043.145,,,440.974,3599.074,3600.0,,,57.0,159.0,50.0,experiments\matheuristics\results_production\a3600\IncT3x_6_rf_fo_seed1_b3600.json,rf+fo,rf,74641.111,77.546
MAT_rf_fo_3600s,3X,IncT3x_7,IncT3x_7_rf_fo_seed1,1.0,16759.682,,,972.047,3600.024,3600.0,,,57.0,159.0,50.0,experiments\matheuristics\results_pilot\IncT3x_7_rf_fo_seed1.json,rf+fo,,17001.681,
MAT_rf_fo_3600s,3X,IncT3x_7,IncT3x_7_rf_fo_seed1_b3600,1.0,16517.632,,,839.628,3606.542,3600.0,,,57.0,159.0,50.0,experiments\matheuristics\results_production\a3600\IncT3x_7_rf_fo_seed1_b3600.json,rf+fo,rf,17001.681,87.266
MAT_rf_fo_3600s,3X,IncT3x_7,IncT3x_7_rf_fo_seed2_b3600,2.0,16517.632,,,595.397,3605.05,3600.0,,,57.0,159.0,50.0,experiments\matheuristics\results_production\c_seeds\IncT3x_7_rf_fo_seed2_b3600.json,rf+fo,rf,17001.681,83.902
MAT_rf_fo_3600s,3X,IncT3x_7,IncT3x_7_rf_fo_seed3_b3600,3.0,16517.632,,,380.807,3602.365,3600.0,,,57.0,159.0,50.0,experiments\matheuristics\results_production\c_seeds\IncT3x_7_rf_fo_seed3_b3600.json,rf+fo,rf,17001.681,80.693
MAT_rf_fo_3600s,3X,IncT3x_8,IncT3x_8_rf_fo_seed1_b3600,1.0,174281.637,,,68.295,3597.338,3600.0,,,57.0,159.0,50.0,experiments\matheuristics\results_production\a3600\IncT3x_8_rf_fo_seed1_b3600.json,rf+fo,rf,174281.637,65.05
MAT_rf_fo_3600s,3X,IncT3x_9,IncT3x_9_rf_fo_seed1_b3600,1.0,21782.345,,,909.646,3595.849,3600.0,,,57.0,159.0,50.0,experiments\matheuristics\results_production\a3600\IncT3x_9_rf_fo_seed1_b3600.json,rf+fo,rf,24250.824,86.637
MAT_rf_fo_3600s,4X,IncT4x_1,IncT4x_1_rf_fo_seed1_b3600,1.0,47116.022,,,882.119,3598.125,3600.0,,,76.0,159.0,50.0,experiments\matheuristics\results_production\a3600\IncT4x_1_rf_fo_seed1_b3600.json,rf+fo,rf,47350.577,209.993
MAT_rf_fo_3600s,4X,IncT4x_10,IncT4x_10_rf_fo_seed1_b3600,1.0,14442.92,,,225.908,3591.775,3600.0,,,76.0,159.0,50.0,experiments\matheuristics\results_production\a3600\IncT4x_10_rf_fo_seed1_b3600.json,rf+fo,rf,15110.53,207.558
MAT_rf_fo_3600s,4X,IncT4x_2,IncT4x_2_rf_fo_seed1_b3600,1.0,113457.063,,,312.948,3595.48,3600.0,,,76.0,159.0,50.0,experiments\matheuristics\results_production\a3600\IncT4x_2_rf_fo_seed1_b3600.json,rf+fo,rf,113460.238,181.367
MAT_rf_fo_3600s,4X,IncT4x_3,IncT4x_3_rf_fo_seed1,1.0,50144.492,,,361.244,3600.029,3600.0,,,76.0,159.0,50.0,experiments\matheuristics\results_pilot\IncT4x_3_rf_fo_seed1.json,rf+fo,,50256.782,
MAT_rf_fo_3600s,4X,IncT4x_3,IncT4x_3_rf_fo_seed1_b3600,1.0,50216.932,,,532.292,3593.18,3600.0,,,76.0,159.0,50.0,experiments\matheuristics\results_production\a3600\IncT4x_3_rf_fo_seed1_b3600.json,rf+fo,rf,50256.782,213.764
MAT_rf_fo_3600s,4X,IncT4x_3,IncT4x_3_rf_fo_seed2_b3600,2.0,50216.932,,,2615.444,3600.929,3600.0,,,76.0,159.0,50.0,experiments\matheuristics\results_production\c_seeds\IncT4x_3_rf_fo_seed2_b3600.json,rf+fo,rf,50256.782,205.282
MAT_rf_fo_3600s,4X,IncT4x_3,IncT4x_3_rf_fo_seed3_b3600,3.0,50216.932,,,601.563,3594.234,3600.0,,,76.0,159.0,50.0,experiments\matheuristics\results_production\c_seeds\IncT4x_3_rf_fo_seed3_b3600.json,rf+fo,rf,50256.782,201.523
MAT_rf_fo_3600s,4X,IncT4x_4,IncT4x_4_rf_fo_seed1_b3600,1.0,138910.452,,,1381.458,3595.611,3600.0,,,76.0,159.0,50.0,experiments\matheuristics\results_production\a3600\IncT4x_4_rf_fo_seed1_b3600.json,rf+fo,rf,155505.773,226.363
MAT_rf_fo_3600s,4X,IncT4x_5,IncT4x_5_rf_fo_seed1_b3600,1.0,43885.225,,,1841.612,3592.287,3600.0,,,76.0,159.0,50.0,experiments\matheuristics\results_production\a3600\IncT4x_5_rf_fo_seed1_b3600.json,rf+fo,rf,44153.047,201.312
MAT_rf_fo_3600s,4X,IncT4x_6,IncT4x_6_rf_fo_seed1_b3600,1.0,77209.306,,,3211.734,3594.074,3600.0,,,76.0,159.0,50.0,experiments\matheuristics\results_production\a3600\IncT4x_6_rf_fo_seed1_b3600.json,rf+fo,rf,78039.342,211.583
MAT_rf_fo_3600s,4X,IncT4x_7,IncT4x_7_rf_fo_seed1,1.0,19873.039,,,288.849,3600.03,3600.0,,,76.0,159.0,50.0,experiments\matheuristics\results_pilot\IncT4x_7_rf_fo_seed1.json,rf+fo,,19952.367,
MAT_rf_fo_3600s,4X,IncT4x_7,IncT4x_7_rf_fo_seed1_b3600,1.0,19698.839,,,858.918,3598.302,3600.0,,,76.0,159.0,50.0,experiments\matheuristics\results_production\a3600\IncT4x_7_rf_fo_seed1_b3600.json,rf+fo,rf,19952.367,208.879
MAT_rf_fo_3600s,4X,IncT4x_7,IncT4x_7_rf_fo_seed2_b3600,2.0,19519.564,,,1008.244,3596.931,3600.0,,,76.0,159.0,50.0,experiments\matheuristics\results_production\c_seeds\IncT4x_7_rf_fo_seed2_b3600.json,rf+fo,rf,19952.367,199.532
MAT_rf_fo_3600s,4X,IncT4x_7,IncT4x_7_rf_fo_seed3_b3600,3.0,19519.564,,,2675.187,3596.637,3600.0,,,76.0,159.0,50.0,experiments\matheuristics\results_production\c_seeds\IncT4x_7_rf_fo_seed3_b3600.json,rf+fo,rf,19952.367,197.928
MAT_rf_fo_3600s,4X,IncT4x_8,IncT4x_8_rf_fo_seed1_b3600,1.0,176310.751,,,194.264,3595.415,3600.0,,,76.0,159.0,50.0,experiments\matheuristics\results_production\a3600\IncT4x_8_rf_fo_seed1_b3600.json,rf+fo,rf,176325.026,169.844
MAT_rf_fo_3600s,4X,IncT4x_9,IncT4x_9_rf_fo_seed1_b3600,1.0,24780.369,,,927.82,3593.339,3600.0,,,76.0,159.0,50.0,experiments\matheuristics\results_production\a3600\IncT4x_9_rf_fo_seed1_b3600.json,rf+fo,rf,27255.098,223.992
MAT_rf_fo_3600s,5X,IncT5x_1,IncT5x_1_rf_fo_seed1_b3600,1.0,50351.243,,,2248.195,3595.083,3600.0,,,95.0,159.0,50.0,experiments\matheuristics\results_production\a3600\IncT5x_1_rf_fo_seed1_b3600.json,rf+fo,rf,50604.148,413.064
MAT_rf_fo_3600s,5X,IncT5x_10,IncT5x_10_rf_fo_seed1,1.0,18115.429,,,3138.768,3601.223,3600.0,,,95.0,159.0,50.0,experiments\matheuristics\results_pilot\IncT5x_10_rf_fo_seed1.json,rf+fo,,21991.69,
MAT_rf_fo_3600s,5X,IncT5x_10,IncT5x_10_rf_fo_seed1_b3600,1.0,16267.411,,,3582.257,3595.969,3600.0,,,95.0,159.0,50.0,experiments\matheuristics\results_production\a3600\IncT5x_10_rf_fo_seed1_b3600.json,rf+fo,rf,21991.69,472.348
MAT_rf_fo_3600s,5X,IncT5x_10,IncT5x_10_rf_fo_seed1_omega12_tlfo30,1.0,18303.079,,,3259.263,3594.478,3600.0,,,95.0,159.0,50.0,experiments\matheuristics\results_tuning\IncT5x_10_rf_fo_seed1_omega12_tlfo30.json,rf+fo,,21991.69,
MAT_rf_fo_3600s,5X,IncT5x_10,IncT5x_10_rf_fo_seed1_omega12_tlfo60,1.0,18303.079,,,3399.16,3596.447,3600.0,,,95.0,159.0,50.0,experiments\matheuristics\results_tuning\IncT5x_10_rf_fo_seed1_omega12_tlfo60.json,rf+fo,,21991.69,
MAT_rf_fo_3600s,5X,IncT5x_10,IncT5x_10_rf_fo_seed1_omega20_tlfo30,1.0,16188.998,,,3126.811,3617.816,3600.0,,,95.0,159.0,50.0,experiments\matheuristics\results_tuning\IncT5x_10_rf_fo_seed1_omega20_tlfo30.json,rf+fo,,21991.69,
MAT_rf_fo_3600s,5X,IncT5x_10,IncT5x_10_rf_fo_seed1_omega20_tlfo60,1.0,16538.664,,,3541.351,3594.061,3600.0,,,95.0,159.0,50.0,experiments\matheuristics\results_tuning\IncT5x_10_rf_fo_seed1_omega20_tlfo60.json,rf+fo,,21991.69,
MAT_rf_fo_3600s,5X,IncT5x_10,IncT5x_10_rf_fo_seed1_omega28_tlfo30,1.0,16859.777,,,3294.731,3601.68,3600.0,,,95.0,159.0,50.0,experiments\matheuristics\results_tuning\IncT5x_10_rf_fo_seed1_omega28_tlfo30.json,rf+fo,,21991.69,
MAT_rf_fo_3600s,5X,IncT5x_10,IncT5x_10_rf_fo_seed1_omega28_tlfo60,1.0,16841.977,,,3465.104,3599.449,3600.0,,,95.0,159.0,50.0,experiments\matheuristics\results_tuning\IncT5x_10_rf_fo_seed1_omega28_tlfo60.json,rf+fo,,21991.69,
MAT_rf_fo_3600s,5X,IncT5x_10,IncT5x_10_rf_fo_seed2_b3600,2.0,16115.811,,,2585.718,3593.887,3600.0,,,95.0,159.0,50.0,experiments\matheuristics\results_production\c_seeds\IncT5x_10_rf_fo_seed2_b3600.json,rf+fo,rf,21991.69,445.604
MAT_rf_fo_3600s,5X,IncT5x_10,IncT5x_10_rf_fo_seed3_b3600,3.0,16749.673,,,3257.9,3592.154,3600.0,,,95.0,159.0,50.0,experiments\matheuristics\results_production\c_seeds\IncT5x_10_rf_fo_seed3_b3600.json,rf+fo,rf,21991.69,456.634
MAT_rf_fo_3600s,5X,IncT5x_2,IncT5x_2_rf_fo_seed1_b3600,1.0,116392.639,,,2191.553,3601.444,3600.0,,,95.0,159.0,50.0,experiments\matheuristics\results_production\a3600\IncT5x_2_rf_fo_seed1_b3600.json,rf+fo,rf,119128.571,385.792
MAT_rf_fo_3600s,5X,IncT5x_3,IncT5x_3_rf_fo_seed1,1.0,56880.968,,,2571.732,3600.025,3600.0,,,95.0,159.0,50.0,experiments\matheuristics\results_pilot\IncT5x_3_rf_fo_seed1.json,rf+fo,,57035.696,
MAT_rf_fo_3600s,5X,IncT5x_3,IncT5x_3_rf_fo_seed1_b3600,1.0,56950.294,,,969.983,3598.358,3600.0,,,95.0,159.0,50.0,experiments\matheuristics\results_production\a3600\IncT5x_3_rf_fo_seed1_b3600.json,rf+fo,rf,57035.696,427.724
MAT_rf_fo_3600s,5X,IncT5x_3,IncT5x_3_rf_fo_seed1_omega12_tlfo30,1.0,57006.921,,,1330.929,3603.002,3600.0,,,95.0,159.0,50.0,experiments\matheuristics\results_tuning\IncT5x_3_rf_fo_seed1_omega12_tlfo30.json,rf+fo,,57035.696,
MAT_rf_fo_3600s,5X,IncT5x_3,IncT5x_3_rf_fo_seed1_omega12_tlfo60,1.0,57006.921,,,1330.601,3594.428,3600.0,,,95.0,159.0,50.0,experiments\matheuristics\results_tuning\IncT5x_3_rf_fo_seed1_omega12_tlfo60.json,rf+fo,,57035.696,
MAT_rf_fo_3600s,5X,IncT5x_3,IncT5x_3_rf_fo_seed1_omega20_tlfo30,1.0,54879.119,,,384.338,3599.916,3600.0,,,95.0,159.0,50.0,experiments\matheuristics\results_tuning\IncT5x_3_rf_fo_seed1_omega20_tlfo30.json,rf+fo,,54879.119,
MAT_rf_fo_3600s,5X,IncT5x_3,IncT5x_3_rf_fo_seed1_omega20_tlfo60,1.0,54879.119,,,388.398,3602.065,3600.0,,,95.0,159.0,50.0,experiments\matheuristics\results_tuning\IncT5x_3_rf_fo_seed1_omega20_tlfo60.json,rf+fo,,54879.119,
MAT_rf_fo_3600s,5X,IncT5x_3,IncT5x_3_rf_fo_seed1_omega28_tlfo30,1.0,54859.144,,,494.867,3605.373,3600.0,,,95.0,159.0,50.0,experiments\matheuristics\results_tuning\IncT5x_3_rf_fo_seed1_omega28_tlfo30.json,rf+fo,,54879.119,
MAT_rf_fo_3600s,5X,IncT5x_3,IncT5x_3_rf_fo_seed1_omega28_tlfo60,1.0,54859.144,,,471.564,3596.235,3600.0,,,95.0,159.0,50.0,experiments\matheuristics\results_tuning\IncT5x_3_rf_fo_seed1_omega28_tlfo60.json,rf+fo,,54879.119,
MAT_rf_fo_3600s,5X,IncT5x_3,IncT5x_3_rf_fo_seed1_v2,1.0,54844.669,,,1505.836,3601.487,3600.0,,,95.0,159.0,50.0,experiments\matheuristics\results_pilot\IncT5x_3_rf_fo_seed1_v2.json,rf+fo,,54879.119,
MAT_rf_fo_3600s,5X,IncT5x_3,IncT5x_3_rf_fo_seed2_b3600,2.0,56950.294,,,2184.398,3591.615,3600.0,,,95.0,159.0,50.0,experiments\matheuristics\results_production\c_seeds\IncT5x_3_rf_fo_seed2_b3600.json,rf+fo,rf,57035.696,416.844
MAT_rf_fo_3600s,5X,IncT5x_3,IncT5x_3_rf_fo_seed3_b3600,3.0,56950.294,,,1432.199,3594.835,3600.0,,,95.0,159.0,50.0,experiments\matheuristics\results_production\c_seeds\IncT5x_3_rf_fo_seed3_b3600.json,rf+fo,rf,57035.696,407.57
MAT_rf_fo_3600s,5X,IncT5x_4,IncT5x_4_rf_fo_seed1_b3600,1.0,142135.253,,,808.571,3602.555,3600.0,,,95.0,159.0,50.0,experiments\matheuristics\results_production\a3600\IncT5x_4_rf_fo_seed1_b3600.json,rf+fo,rf,155112.603,405.154
MAT_rf_fo_3600s,5X,IncT5x_5,IncT5x_5_rf_fo_seed1_b3600,1.0,46686.65,,,916.401,3598.95,3600.0,,,95.0,159.0,50.0,experiments\matheuristics\results_production\a3600\IncT5x_5_rf_fo_seed1_b3600.json,rf+fo,rf,48360.503,406.26
MAT_rf_fo_3600s,5X,IncT5x_6,IncT5x_6_rf_fo_seed1_b3600,1.0,81625.778,,,2704.146,3597.433,3600.0,,,95.0,159.0,50.0,experiments\matheuristics\results_production\a3600\IncT5x_6_rf_fo_seed1_b3600.json,rf+fo,rf,82049.983,407.22
MAT_rf_fo_3600s,5X,IncT5x_7,IncT5x_7_rf_fo_seed1_b3600,1.0,23034.683,,,2028.023,3605.367,3600.0,,,95.0,159.0,50.0,experiments\matheuristics\results_production\a3600\IncT5x_7_rf_fo_seed1_b3600.json,rf+fo,rf,39404.056,397.556
MAT_rf_fo_3600s,5X,IncT5x_8,IncT5x_8_rf_fo_seed1_b3600,1.0,180758.497,,,3154.622,3606.425,3600.0,,,95.0,159.0,50.0,experiments\matheuristics\results_production\a3600\IncT5x_8_rf_fo_seed1_b3600.json,rf+fo,rf,181878.309,336.147
MAT_rf_fo_3600s,5X,IncT5x_9,IncT5x_9_rf_fo_seed1_b3600,1.0,29538.702,,,412.633,3611.14,3600.0,,,95.0,159.0,50.0,experiments\matheuristics\results_production\a3600\IncT5x_9_rf_fo_seed1_b3600.json,rf+fo,rf,29538.702,404.349
MAT_rf_fo_3600s,8X,IncT8x_2,IncT8x_2_rf_fo_seed1_b3600,1.0,141146.399,,,3434.707,3592.112,3600.0,,,152.0,159.0,50.0,experiments\matheuristics\results_scale_8x10x\IncT8x_2_rf_fo_seed1_b3600.json,rf+fo,,53950636.847,
MAT_rf_fo_3600s,8X,IncT8x_2,IncT8x_2_rf_fo_seed1_b3600,1.0,135291.725,,,3568.164,3601.061,3600.0,,,152.0,159.0,50.0,experiments\matheuristics\results_scale_8x10x_v2\IncT8x_2_rf_fo_seed1_b3600.json,rf+fo,greedy_floor,59130387.07,841.411
MAT_rf_fo_3600s,8X,IncT8x_2,IncT8x_2_rf_fo_seed2_b3600,2.0,135739.36,,,2986.403,3612.571,3600.0,,,152.0,159.0,50.0,experiments\matheuristics\results_production\c_seeds\IncT8x_2_rf_fo_seed2_b3600.json,rf+fo,greedy_floor,54042940.513,858.405
MAT_rf_fo_3600s,8X,IncT8x_2,IncT8x_2_rf_fo_seed3_b3600,3.0,135271.5,,,3475.463,3603.218,3600.0,,,152.0,159.0,50.0,experiments\matheuristics\results_production\c_seeds\IncT8x_2_rf_fo_seed3_b3600.json,rf+fo,greedy_floor,54042940.513,857.44
MAT_rf_fo_3600s,8X,IncT8x_3,IncT8x_3_rf_fo_seed1_b3600,1.0,79473.057,,,3612.91,3614.373,3600.0,,,152.0,159.0,50.0,experiments\matheuristics\results_scale_8x10x\IncT8x_3_rf_fo_seed1_b3600.json,rf+fo,,66802928.845,
MAT_rf_fo_3600s,8X,IncT8x_3,IncT8x_3_rf_fo_seed1_b3600,1.0,77987.822,,,3553.707,3615.533,3600.0,,,152.0,159.0,50.0,experiments\matheuristics\results_scale_8x10x_v2\IncT8x_3_rf_fo_seed1_b3600.json,rf+fo,greedy_floor,63327814.323,839.401
MAT_rf_fo_3600s,8X,IncT8x_3,IncT8x_3_rf_fo_seed2_b3600,2.0,77759.647,,,3095.425,3602.205,3600.0,,,152.0,159.0,50.0,experiments\matheuristics\results_production\c_seeds\IncT8x_3_rf_fo_seed2_b3600.json,rf+fo,greedy_floor,63327814.323,842.979
MAT_rf_fo_3600s,8X,IncT8x_3,IncT8x_3_rf_fo_seed3_b3600,3.0,77910.051,,,3171.043,3610.146,3600.0,,,152.0,159.0,50.0,experiments\matheuristics\results_production\c_seeds\IncT8x_3_rf_fo_seed3_b3600.json,rf+fo,greedy_floor,63327814.323,842.135
MAT_rf_fo_3600s,8X,IncT8x_4,IncT8x_4_rf_fo_seed1_b3600,1.0,159958.731,,,3434.16,3617.134,3600.0,,,152.0,159.0,50.0,experiments\matheuristics\results_scale_8x10x\IncT8x_4_rf_fo_seed1_b3600.json,rf+fo,,64738699.487,
MAT_rf_fo_3600s,8X,IncT8x_4,IncT8x_4_rf_fo_seed1_b3600,1.0,160989.844,,,3504.12,3600.445,3600.0,,,152.0,159.0,50.0,experiments\matheuristics\results_scale_8x10x_v2\IncT8x_4_rf_fo_seed1_b3600.json,rf+fo,greedy_floor,60599633.954,840.14
MAT_rf_fo_3600s,8X,IncT8x_4,IncT8x_4_rf_fo_seed2_b3600,2.0,161506.869,,,2180.127,3621.139,3600.0,,,152.0,159.0,50.0,experiments\matheuristics\results_production\c_seeds\IncT8x_4_rf_fo_seed2_b3600.json,rf+fo,greedy_floor,60599633.954,838.849
MAT_rf_fo_3600s,8X,IncT8x_4,IncT8x_4_rf_fo_seed3_b3600,3.0,160471.77,,,3474.443,3608.044,3600.0,,,152.0,159.0,50.0,experiments\matheuristics\results_production\c_seeds\IncT8x_4_rf_fo_seed3_b3600.json,rf+fo,greedy_floor,60599633.954,838.663
MAT_rf_fo_3600s,8X,IncT8x_5,IncT8x_5_rf_fo_seed1_b3600,1.0,71855.978,,,3466.762,3617.683,3600.0,,,152.0,159.0,50.0,experiments\matheuristics\results_scale_8x10x\IncT8x_5_rf_fo_seed1_b3600.json,rf+fo,,63131516.279,
MAT_rf_fo_3600s,8X,IncT8x_5,IncT8x_5_rf_fo_seed1_b3600,1.0,60653.804,,,3516.47,3614.896,3600.0,,,152.0,159.0,50.0,experiments\matheuristics\results_scale_8x10x_v2\IncT8x_5_rf_fo_seed1_b3600.json,rf+fo,greedy_floor,59149435.356,836.317
MAT_rf_fo_3600s,8X,IncT8x_5,IncT8x_5_rf_fo_seed2_b3600,2.0,59982.004,,,3486.347,3610.698,3600.0,,,152.0,159.0,50.0,experiments\matheuristics\results_production\c_seeds\IncT8x_5_rf_fo_seed2_b3600.json,rf+fo,greedy_floor,59149435.356,838.279
MAT_rf_fo_3600s,8X,IncT8x_5,IncT8x_5_rf_fo_seed3_b3600,3.0,60257.971,,,3408.591,3599.22,3600.0,,,152.0,159.0,50.0,experiments\matheuristics\results_production\c_seeds\IncT8x_5_rf_fo_seed3_b3600.json,rf+fo,greedy_floor,59725672.856,834.166
MAT_rf_fo_3600s,8X,IncT8x_6,IncT8x_6_rf_fo_seed1_b3600,1.0,100008.734,,,3395.101,3610.76,3600.0,,,152.0,159.0,50.0,experiments\matheuristics\results_scale_8x10x\IncT8x_6_rf_fo_seed1_b3600.json,rf+fo,,53144599.737,
MAT_rf_fo_3600s,8X,IncT8x_6,IncT8x_6_rf_fo_seed1_b3600,1.0,97667.582,,,3451.811,3611.606,3600.0,,,152.0,159.0,50.0,experiments\matheuristics\results_scale_8x10x_v2\IncT8x_6_rf_fo_seed1_b3600.json,rf+fo,greedy_floor,53156195.929,861.063
MAT_rf_fo_3600s,8X,IncT8x_6,IncT8x_6_rf_fo_seed2_b3600,2.0,96576.714,,,3481.826,3613.797,3600.0,,,152.0,159.0,50.0,experiments\matheuristics\results_production\c_seeds\IncT8x_6_rf_fo_seed2_b3600.json,rf+fo,greedy_floor,57006091.982,862.834
MAT_rf_fo_3600s,8X,IncT8x_6,IncT8x_6_rf_fo_seed3_b3600,3.0,96913.164,,,3561.449,3594.86,3600.0,,,152.0,159.0,50.0,experiments\matheuristics\results_production\c_seeds\IncT8x_6_rf_fo_seed3_b3600.json,rf+fo,greedy_floor,53194615.072,834.103
MAT_rf_fo_3600s,Real,Ale_1,Ale_1_rf_fo_seed1,1.0,86850.339,,,31.306,3600.02,3600.0,,,25.0,160.0,50.0,experiments\matheuristics\results_pilot\Ale_1_rf_fo_seed1.json,rf+fo,,91993.707,
MAT_rf_fo_3600s,Real,Ale_1,Ale_1_rf_fo_seed1_b3600,1.0,86317.983,,,162.543,3602.323,3600.0,,,25.0,160.0,50.0,experiments\matheuristics\results_production\a3600\Ale_1_rf_fo_seed1_b3600.json,rf+fo,rf,91993.707,7.782
MAT_rf_fo_3600s,Real,Ale_10,Ale_10_rf_fo_seed1_b3600,1.0,5658.468,,,5.786,7.091,3600.0,,,19.0,159.0,50.0,experiments\matheuristics\results_production\a3600\Ale_10_rf_fo_seed1_b3600.json,rf+fo,rf,6402.203,3.142
MAT_rf_fo_3600s,Real,Ale_2,Ale_2_rf_fo_seed1_b3600,1.0,99950.709,,,3.287,6.741,3600.0,,,19.0,159.0,50.0,experiments\matheuristics\results_production\a3600\Ale_2_rf_fo_seed1_b3600.json,rf+fo,rf,99950.709,2.642
MAT_rf_fo_3600s,Real,Ale_3,Ale_3_rf_fo_seed1_b3600,1.0,39695.173,,,3.973,8.062,3600.0,,,19.0,159.0,50.0,experiments\matheuristics\results_production\a3600\Ale_3_rf_fo_seed1_b3600.json,rf+fo,rf,39695.173,3.384
MAT_rf_fo_3600s,Real,Ale_4,Ale_4_rf_fo_seed1_b3600,1.0,127800.463,,,6.679,7.961,3600.0,,,19.0,159.0,50.0,experiments\matheuristics\results_production\a3600\Ale_4_rf_fo_seed1_b3600.json,rf+fo,rf,132251.704,3.831
MAT_rf_fo_3600s,Real,Ale_5,Ale_5_rf_fo_seed1_b3600,1.0,35439.916,,,6.851,8.138,3600.0,,,19.0,159.0,50.0,experiments\matheuristics\results_production\a3600\Ale_5_rf_fo_seed1_b3600.json,rf+fo,rf,35610.208,3.359
MAT_rf_fo_3600s,Real,Ale_6,Ale_6_rf_fo_seed1_b3600,1.0,66677.463,,,3.371,6.366,3600.0,,,19.0,159.0,50.0,experiments\matheuristics\results_production\a3600\Ale_6_rf_fo_seed1_b3600.json,rf+fo,rf,66677.463,2.778
MAT_rf_fo_3600s,Real,Ale_7,Ale_7_rf_fo_seed1_b3600,1.0,10568.618,,,4.331,45.078,3600.0,,,19.0,159.0,50.0,experiments\matheuristics\results_production\a3600\Ale_7_rf_fo_seed1_b3600.json,rf+fo,rf,10568.618,3.58
MAT_rf_fo_3600s,Real,Ale_8,Ale_8_rf_fo_seed1_b3600,1.0,160911.938,,,3.014,5.92,3600.0,,,19.0,159.0,50.0,experiments\matheuristics\results_production\a3600\Ale_8_rf_fo_seed1_b3600.json,rf+fo,rf,160911.938,2.415
MAT_rf_fo_3600s,Real,Ale_9,Ale_9_rf_fo_seed1_b3600,1.0,15635.217,,,7.073,8.423,3600.0,,,19.0,159.0,50.0,experiments\matheuristics\results_production\a3600\Ale_9_rf_fo_seed1_b3600.json,rf+fo,rf,17510.791,3.803
MAT_rf_fo_600s,10X,IncT10x_2,IncT10x_2_rf_fo_seed1_b600,1.0,154375.068,,,632.762,634.314,600.0,,,190.0,159.0,50.0,experiments\matheuristics\results_production\b600\IncT10x_2_rf_fo_seed1_b600.json,rf+fo,greedy,631636.151,0.0
MAT_rf_fo_600s,10X,IncT10x_3,IncT10x_3_rf_fo_seed1_b600,1.0,96565.324,,,639.6,641.089,600.0,,,190.0,159.0,50.0,experiments\matheuristics\results_production\b600\IncT10x_3_rf_fo_seed1_b600.json,rf+fo,greedy,245376.956,0.0
MAT_rf_fo_600s,10X,IncT10x_4,IncT10x_4_rf_fo_seed1_b600,1.0,192447.183,,,595.526,597.0,600.0,,,190.0,159.0,50.0,experiments\matheuristics\results_production\b600\IncT10x_4_rf_fo_seed1_b600.json,rf+fo,greedy,758904.569,0.0
MAT_rf_fo_600s,10X,IncT10x_5,IncT10x_5_rf_fo_seed1_b600,1.0,96884.72,,,649.186,650.694,600.0,,,190.0,159.0,50.0,experiments\matheuristics\results_production\b600\IncT10x_5_rf_fo_seed1_b600.json,rf+fo,greedy,547701.678,0.0
MAT_rf_fo_600s,10X,IncT10x_6,IncT10x_6_rf_fo_seed1_b600,1.0,126168.419,,,622.832,624.341,600.0,,,190.0,159.0,50.0,experiments\matheuristics\results_production\b600\IncT10x_6_rf_fo_seed1_b600.json,rf+fo,greedy,514389.563,0.0
MAT_rf_fo_600s,2X,IncT2X_1,IncT2X_1_rf_fo_seed1_b600,1.0,40395.882,,,567.483,592.468,600.0,,,38.0,159.0,50.0,experiments\matheuristics\results_production\b600\IncT2X_1_rf_fo_seed1_b600.json,rf+fo,rf,40745.83,24.017
MAT_rf_fo_600s,2X,IncT2X_10,IncT2X_10_rf_fo_seed1_b600,1.0,8402.793,,,40.793,591.956,600.0,,,38.0,159.0,50.0,experiments\matheuristics\results_production\b600\IncT2X_10_rf_fo_seed1_b600.json,rf+fo,rf,9131.803,21.698
MAT_rf_fo_600s,2X,IncT2X_2,IncT2X_2_rf_fo_seed1_b600,1.0,105211.081,,,69.231,594.338,600.0,,,38.0,159.0,50.0,experiments\matheuristics\results_production\b600\IncT2X_2_rf_fo_seed1_b600.json,rf+fo,rf,106524.226,20.729
MAT_rf_fo_600s,2X,IncT2X_3,IncT2X_3_rf_fo_seed1_b600,1.0,42940.295,,,24.931,592.05,600.0,,,38.0,159.0,50.0,experiments\matheuristics\results_production\b600\IncT2X_3_rf_fo_seed1_b600.json,rf+fo,rf,42940.295,23.243
MAT_rf_fo_600s,2X,IncT2X_4,IncT2X_4_rf_fo_seed1_b600,1.0,132100.436,,,309.48,592.678,600.0,,,38.0,159.0,50.0,experiments\matheuristics\results_production\b600\IncT2X_4_rf_fo_seed1_b600.json,rf+fo,rf,147893.679,23.445
MAT_rf_fo_600s,2X,IncT2X_5,IncT2X_5_rf_fo_seed1_b600,1.0,38265.119,,,44.311,592.652,600.0,,,38.0,159.0,50.0,experiments\matheuristics\results_production\b600\IncT2X_5_rf_fo_seed1_b600.json,rf+fo,rf,38543.962,23.902
MAT_rf_fo_600s,2X,IncT2X_6,IncT2X_6_rf_fo_seed1_b600,1.0,70572.794,,,346.704,592.459,600.0,,,38.0,159.0,50.0,experiments\matheuristics\results_production\b600\IncT2X_6_rf_fo_seed1_b600.json,rf+fo,rf,71062.667,22.628
MAT_rf_fo_600s,2X,IncT2X_7,IncT2X_7_rf_fo_seed1_b600,1.0,13618.675,,,87.181,594.218,600.0,,,38.0,159.0,50.0,experiments\matheuristics\results_production\b600\IncT2X_7_rf_fo_seed1_b600.json,rf+fo,rf,13799.605,25.098
MAT_rf_fo_600s,2X,IncT2X_8,IncT2X_8_rf_fo_seed1_b600,1.0,169724.484,,,195.992,591.617,600.0,,,38.0,159.0,50.0,experiments\matheuristics\results_production\b600\IncT2X_8_rf_fo_seed1_b600.json,rf+fo,rf,170004.314,17.686
MAT_rf_fo_600s,2X,IncT2X_9,IncT2X_9_rf_fo_seed1_b600,1.0,18794.183,,,60.982,593.16,600.0,,,38.0,159.0,50.0,experiments\matheuristics\results_production\b600\IncT2X_9_rf_fo_seed1_b600.json,rf+fo,rf,20824.26,23.344
MAT_rf_fo_600s,3X,IncT3x_1,IncT3x_1_rf_fo_seed1_b600,1.0,43585.457,,,339.068,592.854,600.0,,,57.0,159.0,50.0,experiments\matheuristics\results_production\b600\IncT3x_1_rf_fo_seed1_b600.json,rf+fo,rf,43599.507,80.248
MAT_rf_fo_600s,3X,IncT3x_10,IncT3x_10_rf_fo_seed1_b600,1.0,11392.717,,,170.531,592.105,600.0,,,57.0,159.0,50.0,experiments\matheuristics\results_production\b600\IncT3x_10_rf_fo_seed1_b600.json,rf+fo,rf,12087.952,80.921
MAT_rf_fo_600s,3X,IncT3x_2,IncT3x_2_rf_fo_seed1_b600,1.0,108818.537,,,352.433,591.904,600.0,,,57.0,159.0,50.0,experiments\matheuristics\results_production\b600\IncT3x_2_rf_fo_seed1_b600.json,rf+fo,rf,110670.331,78.536
MAT_rf_fo_600s,3X,IncT3x_3,IncT3x_3_rf_fo_seed1_b600,1.0,48237.316,,,143.053,598.373,600.0,,,57.0,159.0,50.0,experiments\matheuristics\results_short_budget\IncT3x_3_rf_fo_seed1_b600.json,rf+fo,,48742.491,
MAT_rf_fo_600s,3X,IncT3x_3,IncT3x_3_rf_fo_seed1_b600,1.0,48237.316,,,155.613,591.689,600.0,,,57.0,159.0,50.0,experiments\matheuristics\results_production\b600\IncT3x_3_rf_fo_seed1_b600.json,rf+fo,rf,48742.491,73.136
MAT_rf_fo_600s,3X,IncT3x_4,IncT3x_4_rf_fo_seed1_b600,1.0,136015.451,,,421.488,592.734,600.0,,,57.0,159.0,50.0,experiments\matheuristics\results_production\b600\IncT3x_4_rf_fo_seed1_b600.json,rf+fo,rf,157808.686,81.661
MAT_rf_fo_600s,3X,IncT3x_5,IncT3x_5_rf_fo_seed1_b600,1.0,41988.239,,,515.476,595.318,600.0,,,57.0,159.0,50.0,experiments\matheuristics\results_production\b600\IncT3x_5_rf_fo_seed1_b600.json,rf+fo,rf,53937.802,75.984
MAT_rf_fo_600s,3X,IncT3x_6,IncT3x_6_rf_fo_seed1_b600,1.0,73798.45,,,125.059,593.614,600.0,,,57.0,159.0,50.0,experiments\matheuristics\results_production\b600\IncT3x_6_rf_fo_seed1_b600.json,rf+fo,rf,74981.179,79.559
MAT_rf_fo_600s,3X,IncT3x_7,IncT3x_7_rf_fo_seed1_b600,1.0,16532.257,,,362.284,595.48,600.0,,,57.0,159.0,50.0,experiments\matheuristics\results_short_budget\IncT3x_7_rf_fo_seed1_b600.json,rf+fo,,17097.148,
MAT_rf_fo_600s,3X,IncT3x_7,IncT3x_7_rf_fo_seed1_b600,1.0,16577.444,,,165.601,592.52,600.0,,,57.0,159.0,50.0,experiments\matheuristics\results_production\b600\IncT3x_7_rf_fo_seed1_b600.json,rf+fo,rf,19506.115,78.565
MAT_rf_fo_600s,3X,IncT3x_8,IncT3x_8_rf_fo_seed1_b600,1.0,174281.637,,,69.542,593.976,600.0,,,57.0,159.0,50.0,experiments\matheuristics\results_production\b600\IncT3x_8_rf_fo_seed1_b600.json,rf+fo,rf,174281.637,66.175
MAT_rf_fo_600s,3X,IncT3x_9,IncT3x_9_rf_fo_seed1_b600,1.0,21799.577,,,473.146,593.816,600.0,,,57.0,159.0,50.0,experiments\matheuristics\results_production\b600\IncT3x_9_rf_fo_seed1_b600.json,rf+fo,rf,24250.824,85.477
MAT_rf_fo_600s,4X,IncT4x_1,IncT4x_1_rf_fo_seed1_b600,1.0,48681.341,,,593.609,595.053,600.0,,,76.0,159.0,50.0,experiments\matheuristics\results_production\b600\IncT4x_1_rf_fo_seed1_b600.json,rf+fo,greedy_floor,1685978.679,119.88
MAT_rf_fo_600s,4X,IncT4x_10,IncT4x_10_rf_fo_seed1_b600,1.0,14080.284,,,573.959,592.447,600.0,,,76.0,159.0,50.0,experiments\matheuristics\results_production\b600\IncT4x_10_rf_fo_seed1_b600.json,rf+fo,greedy_floor,1337917.611,119.936
MAT_rf_fo_600s,4X,IncT4x_2,IncT4x_2_rf_fo_seed1_b600,1.0,113643.444,,,547.326,591.632,600.0,,,76.0,159.0,50.0,experiments\matheuristics\results_production\b600\IncT4x_2_rf_fo_seed1_b600.json,rf+fo,rf,248723.471,142.751
MAT_rf_fo_600s,4X,IncT4x_3,IncT4x_3_rf_fo_seed1_b600,1.0,51777.217,,,451.307,597.957,600.0,,,76.0,159.0,50.0,experiments\matheuristics\results_short_budget\IncT4x_3_rf_fo_seed1_b600.json,rf+fo,,201286.15,
MAT_rf_fo_600s,4X,IncT4x_3,IncT4x_3_rf_fo_seed1_b600,1.0,52419.859,,,595.811,597.145,600.0,,,76.0,159.0,50.0,experiments\matheuristics\results_production\b600\IncT4x_3_rf_fo_seed1_b600.json,rf+fo,greedy_floor,1548773.252,115.073
MAT_rf_fo_600s,4X,IncT4x_4,IncT4x_4_rf_fo_seed1_b600,1.0,140924.581,,,510.781,598.683,600.0,,,76.0,159.0,50.0,experiments\matheuristics\results_production\b600\IncT4x_4_rf_fo_seed1_b600.json,rf+fo,greedy_floor,2001671.023,126.538
MAT_rf_fo_600s,4X,IncT4x_5,IncT4x_5_rf_fo_seed1_b600,1.0,45164.417,,,591.194,592.723,600.0,,,76.0,159.0,50.0,experiments\matheuristics\results_production\b600\IncT4x_5_rf_fo_seed1_b600.json,rf+fo,greedy_floor,1736113.626,122.98
MAT_rf_fo_600s,4X,IncT4x_6,IncT4x_6_rf_fo_seed1_b600,1.0,78063.39,,,563.706,600.084,600.0,,,76.0,159.0,50.0,experiments\matheuristics\results_production\b600\IncT4x_6_rf_fo_seed1_b600.json,rf+fo,greedy_floor,2034321.628,120.28
MAT_rf_fo_600s,4X,IncT4x_7,IncT4x_7_rf_fo_seed1_b600,1.0,20675.807,,,564.439,597.749,600.0,,,76.0,159.0,50.0,experiments\matheuristics\results_short_budget\IncT4x_7_rf_fo_seed1_b600.json,rf+fo,,1403995.68,
MAT_rf_fo_600s,4X,IncT4x_7,IncT4x_7_rf_fo_seed1_b600,1.0,19282.326,,,570.122,599.074,600.0,,,76.0,159.0,50.0,experiments\matheuristics\results_production\b600\IncT4x_7_rf_fo_seed1_b600.json,rf+fo,greedy_floor,1489284.871,114.565
MAT_rf_fo_600s,4X,IncT4x_8,IncT4x_8_rf_fo_seed1_b600,1.0,178330.843,,,518.859,594.125,600.0,,,76.0,159.0,50.0,experiments\matheuristics\results_production\b600\IncT4x_8_rf_fo_seed1_b600.json,rf+fo,greedy_floor,2235401.232,133.741
MAT_rf_fo_600s,4X,IncT4x_9,IncT4x_9_rf_fo_seed1_b600,1.0,25141.926,,,592.094,593.583,600.0,,,76.0,159.0,50.0,experiments\matheuristics\results_production\b600\IncT4x_9_rf_fo_seed1_b600.json,rf+fo,greedy_floor,1218528.518,120.856
MAT_rf_fo_600s,5X,IncT5x_1,IncT5x_1_rf_fo_seed1_b600,1.0,52257.127,,,590.666,592.117,600.0,,,95.0,159.0,50.0,experiments\matheuristics\results_production\b600\IncT5x_1_rf_fo_seed1_b600.json,rf+fo,greedy,359388.114,0.0
MAT_rf_fo_600s,5X,IncT5x_10,IncT5x_10_rf_fo_seed1_b600,1.0,18776.77,,,598.435,599.947,600.0,,,95.0,159.0,50.0,experiments\matheuristics\results_short_budget\IncT5x_10_rf_fo_seed1_b600.json,rf+fo,,15353974.912,
MAT_rf_fo_600s,5X,IncT5x_10,IncT5x_10_rf_fo_seed1_b600,1.0,18456.409,,,594.084,595.553,600.0,,,95.0,159.0,50.0,experiments\matheuristics\results_production\b600\IncT5x_10_rf_fo_seed1_b600.json,rf+fo,greedy,177211.478,0.0
MAT_rf_fo_600s,5X,IncT5x_2,IncT5x_2_rf_fo_seed1_b600,1.0,120908.638,,,515.898,598.276,600.0,,,95.0,159.0,50.0,experiments\matheuristics\results_production\b600\IncT5x_2_rf_fo_seed1_b600.json,rf+fo,greedy,413958.797,0.0
MAT_rf_fo_600s,5X,IncT5x_3,IncT5x_3_rf_fo_seed1_b600,1.0,64791.163,,,596.998,598.423,600.0,,,95.0,159.0,50.0,experiments\matheuristics\results_short_budget\IncT5x_3_rf_fo_seed1_b600.json,rf+fo,,16005542.631,
MAT_rf_fo_600s,5X,IncT5x_3,IncT5x_3_rf_fo_seed1_b600,1.0,63266.34,,,523.533,593.763,600.0,,,95.0,159.0,50.0,experiments\matheuristics\results_production\b600\IncT5x_3_rf_fo_seed1_b600.json,rf+fo,greedy,137642.015,0.0
MAT_rf_fo_600s,5X,IncT5x_4,IncT5x_4_rf_fo_seed1_b600,1.0,144547.581,,,291.104,591.872,600.0,,,95.0,159.0,50.0,experiments\matheuristics\results_production\b600\IncT5x_4_rf_fo_seed1_b600.json,rf+fo,greedy,497051.655,0.0
MAT_rf_fo_600s,5X,IncT5x_5,IncT5x_5_rf_fo_seed1_b600,1.0,54964.989,,,516.719,598.24,600.0,,,95.0,159.0,50.0,experiments\matheuristics\results_production\b600\IncT5x_5_rf_fo_seed1_b600.json,rf+fo,greedy,287974.582,0.0
MAT_rf_fo_600s,5X,IncT5x_6,IncT5x_6_rf_fo_seed1_b600,1.0,83941.55,,,584.158,598.362,600.0,,,95.0,159.0,50.0,experiments\matheuristics\results_production\b600\IncT5x_6_rf_fo_seed1_b600.json,rf+fo,greedy,331550.094,0.0
MAT_rf_fo_600s,5X,IncT5x_7,IncT5x_7_rf_fo_seed1_b600,1.0,24172.648,,,595.283,596.829,600.0,,,95.0,159.0,50.0,experiments\matheuristics\results_production\b600\IncT5x_7_rf_fo_seed1_b600.json,rf+fo,greedy,210117.384,0.0
MAT_rf_fo_600s,5X,IncT5x_8,IncT5x_8_rf_fo_seed1_b600,1.0,182388.706,,,235.978,597.994,600.0,,,95.0,159.0,50.0,experiments\matheuristics\results_production\b600\IncT5x_8_rf_fo_seed1_b600.json,rf+fo,greedy,492115.321,0.0
MAT_rf_fo_600s,5X,IncT5x_9,IncT5x_9_rf_fo_seed1_b600,1.0,28381.253,,,479.035,598.642,600.0,,,95.0,159.0,50.0,experiments\matheuristics\results_production\b600\IncT5x_9_rf_fo_seed1_b600.json,rf+fo,greedy,332541.741,0.0
MAT_rf_fo_600s,8X,IncT8x_2,IncT8x_2_rf_fo_seed1_b600,1.0,135940.96,,,499.654,602.246,600.0,,,152.0,159.0,50.0,experiments\matheuristics\results_production\b600\IncT8x_2_rf_fo_seed1_b600.json,rf+fo,greedy,551092.88,0.0
MAT_rf_fo_600s,8X,IncT8x_3,IncT8x_3_rf_fo_seed1_b600,1.0,80768.327,,,590.778,592.277,600.0,,,152.0,159.0,50.0,experiments\matheuristics\results_production\b600\IncT8x_3_rf_fo_seed1_b600.json,rf+fo,greedy,195753.218,0.0
MAT_rf_fo_600s,8X,IncT8x_4,IncT8x_4_rf_fo_seed1_b600,1.0,165236.028,,,623.954,625.425,600.0,,,152.0,159.0,50.0,experiments\matheuristics\results_production\b600\IncT8x_4_rf_fo_seed1_b600.json,rf+fo,greedy,670887.419,0.0
MAT_rf_fo_600s,8X,IncT8x_5,IncT8x_5_rf_fo_seed1_b600,1.0,77162.719,,,619.959,621.454,600.0,,,152.0,159.0,50.0,experiments\matheuristics\results_production\b600\IncT8x_5_rf_fo_seed1_b600.json,rf+fo,greedy,427634.835,0.0
MAT_rf_fo_600s,8X,IncT8x_6,IncT8x_6_rf_fo_seed1_b600,1.0,105771.668,,,601.465,602.743,600.0,,,152.0,159.0,50.0,experiments\matheuristics\results_production\b600\IncT8x_6_rf_fo_seed1_b600.json,rf+fo,greedy,434147.345,0.0
MAT_rf_fo_600s,Real,Ale_1,Ale_1_rf_fo_seed1_b600,1.0,86317.983,,,160.8,593.338,600.0,,,25.0,160.0,50.0,experiments\matheuristics\results_production\b600\Ale_1_rf_fo_seed1_b600.json,rf+fo,rf,91993.707,7.87
MAT_rf_fo_600s,Real,Ale_10,Ale_10_rf_fo_seed1_b600,1.0,5658.468,,,5.452,6.737,600.0,,,19.0,159.0,50.0,experiments\matheuristics\results_production\b600\Ale_10_rf_fo_seed1_b600.json,rf+fo,rf,6402.203,2.825
MAT_rf_fo_600s,Real,Ale_2,Ale_2_rf_fo_seed1_b600,1.0,99950.709,,,3.283,6.703,600.0,,,19.0,159.0,50.0,experiments\matheuristics\results_production\b600\Ale_2_rf_fo_seed1_b600.json,rf+fo,rf,99950.709,2.663
MAT_rf_fo_600s,Real,Ale_3,Ale_3_rf_fo_seed1_b600,1.0,39695.173,,,4.126,8.402,600.0,,,19.0,159.0,50.0,experiments\matheuristics\results_production\b600\Ale_3_rf_fo_seed1_b600.json,rf+fo,rf,39695.173,3.508
MAT_rf_fo_600s,Real,Ale_4,Ale_4_rf_fo_seed1_b600,1.0,127800.463,,,6.76,8.052,600.0,,,19.0,159.0,50.0,experiments\matheuristics\results_production\b600\Ale_4_rf_fo_seed1_b600.json,rf+fo,rf,132251.704,3.916
MAT_rf_fo_600s,Real,Ale_5,Ale_5_rf_fo_seed1_b600,1.0,35439.916,,,6.842,8.122,600.0,,,19.0,159.0,50.0,experiments\matheuristics\results_production\b600\Ale_5_rf_fo_seed1_b600.json,rf+fo,rf,35610.208,3.246
MAT_rf_fo_600s,Real,Ale_6,Ale_6_rf_fo_seed1_b600,1.0,66677.463,,,3.524,6.519,600.0,,,19.0,159.0,50.0,experiments\matheuristics\results_production\b600\Ale_6_rf_fo_seed1_b600.json,rf+fo,rf,66677.463,2.879
MAT_rf_fo_600s,Real,Ale_7,Ale_7_rf_fo_seed1_b600,1.0,10568.618,,,4.24,48.505,600.0,,,19.0,159.0,50.0,experiments\matheuristics\results_production\b600\Ale_7_rf_fo_seed1_b600.json,rf+fo,rf,10568.618,3.58
MAT_rf_fo_600s,Real,Ale_8,Ale_8_rf_fo_seed1_b600,1.0,160911.938,,,3.304,6.278,600.0,,,19.0,159.0,50.0,experiments\matheuristics\results_production\b600\Ale_8_rf_fo_seed1_b600.json,rf+fo,rf,160911.938,2.599
MAT_rf_fo_600s,Real,Ale_9,Ale_9_rf_fo_seed1_b600,1.0,15635.217,,,7.756,9.035,600.0,,,19.0,159.0,50.0,experiments\matheuristics\results_production\b600\Ale_9_rf_fo_seed1_b600.json,rf+fo,rf,17510.791,4.058
MAT_rf_fo_60s,Synthetic,synthetic_tiny,synthetic_tiny_rf_fo_seed1,1.0,248.049,,,0.845,60.011,60.0,,,,,,experiments\matheuristics\results_pilot\synthetic_tiny_rf_fo_seed1.json,rf+fo,,248.049,
MAT_rf_mip_300s,3X,IncT3x_3,IncT3x_3_rf_mip_seed1_b300,1.0,46239.367,,,303.848,305.296,300.0,,,57.0,159.0,50.0,experiments\matheuristics\results_short_budget\IncT3x_3_rf_mip_seed1_b300.json,rf+mip,,64871.775,
MAT_rf_mip_300s,3X,IncT3x_7,IncT3x_7_rf_mip_seed1_b300,1.0,16603.182,,,303.677,305.116,300.0,,,57.0,159.0,50.0,experiments\matheuristics\results_short_budget\IncT3x_7_rf_mip_seed1_b300.json,rf+mip,,20915.065,
MAT_rf_mip_300s,4X,IncT4x_3,IncT4x_3_rf_mip_seed1_b300,1.0,53449.044,,,305.77,307.039,300.0,,,76.0,159.0,50.0,experiments\matheuristics\results_short_budget\IncT4x_3_rf_mip_seed1_b300.json,rf+mip,,4467245.044,
MAT_rf_mip_300s,4X,IncT4x_7,IncT4x_7_rf_mip_seed1_b300,1.0,23534.72,,,305.77,307.195,300.0,,,76.0,159.0,50.0,experiments\matheuristics\results_short_budget\IncT4x_7_rf_mip_seed1_b300.json,rf+mip,,3285526.902,
MAT_rf_mip_300s,5X,IncT5x_10,IncT5x_10_rf_mip_seed1_b300,1.0,283461.421,,,309.564,311.028,300.0,,,95.0,159.0,50.0,experiments\matheuristics\results_short_budget\IncT5x_10_rf_mip_seed1_b300.json,rf+mip,,15353974.912,
MAT_rf_mip_300s,5X,IncT5x_10,IncT5x_10_rf_mip_seed1_b300,1.0,20291.053,,,307.15,308.71,300.0,,,95.0,159.0,50.0,experiments\matheuristics\results_short_budget_v2\IncT5x_10_rf_mip_seed1_b300.json,rf+mip,,177211.478,
MAT_rf_mip_300s,5X,IncT5x_3,IncT5x_3_rf_mip_seed1_b300,1.0,380937.341,,,309.155,310.569,300.0,,,95.0,159.0,50.0,experiments\matheuristics\results_short_budget\IncT5x_3_rf_mip_seed1_b300.json,rf+mip,,16005542.631,
MAT_rf_mip_300s,5X,IncT5x_3,IncT5x_3_rf_mip_seed1_b300,1.0,59061.483,,,307.287,308.884,300.0,,,95.0,159.0,50.0,experiments\matheuristics\results_short_budget_v2\IncT5x_3_rf_mip_seed1_b300.json,rf+mip,,137642.015,
MAT_rf_mip_3600s,10X,IncT10x_2,IncT10x_2_rf_mip_seed1_b3600,1.0,165438.755,,,3641.206,3642.774,3600.0,,,190.0,159.0,50.0,experiments\matheuristics\results_scale_8x10x\IncT10x_2_rf_mip_seed1_b3600.json,rf+mip,,165167571.364,
MAT_rf_mip_3600s,10X,IncT10x_2,IncT10x_2_rf_mip_seed1_b3600,1.0,154797.48,,,3641.989,3644.331,3600.0,,,190.0,159.0,50.0,experiments\matheuristics\results_scale_8x10x_v2\IncT10x_2_rf_mip_seed1_b3600.json,rf+mip,greedy_floor,64949157.152,843.396
MAT_rf_mip_3600s,10X,IncT10x_3,IncT10x_3_rf_mip_seed1_b3600,1.0,102151.544,,,3641.146,3642.65,3600.0,,,190.0,159.0,50.0,experiments\matheuristics\results_scale_8x10x\IncT10x_3_rf_mip_seed1_b3600.json,rf+mip,,151362343.905,
MAT_rf_mip_3600s,10X,IncT10x_3,IncT10x_3_rf_mip_seed1_b3600,1.0,87275.452,,,3641.964,3643.545,3600.0,,,190.0,159.0,50.0,experiments\matheuristics\results_scale_8x10x_v2\IncT10x_3_rf_mip_seed1_b3600.json,rf+mip,greedy_floor,50914291.231,803.583
MAT_rf_mip_3600s,10X,IncT10x_4,IncT10x_4_rf_mip_seed1_b3600,1.0,188575.59,,,3641.517,3643.073,3600.0,,,190.0,159.0,50.0,experiments\matheuristics\results_scale_8x10x\IncT10x_4_rf_mip_seed1_b3600.json,rf+mip,,162697287.471,
MAT_rf_mip_3600s,10X,IncT10x_4,IncT10x_4_rf_mip_seed1_b3600,1.0,376198.08,,,3641.612,3644.071,3600.0,,,190.0,159.0,50.0,experiments\matheuristics\results_scale_8x10x_v2\IncT10x_4_rf_mip_seed1_b3600.json,rf+mip,greedy_floor,62714040.95,843.858
MAT_rf_mip_3600s,10X,IncT10x_5,IncT10x_5_rf_mip_seed1_b3600,1.0,165170.737,,,3643.106,3644.624,3600.0,,,190.0,159.0,50.0,experiments\matheuristics\results_scale_8x10x\IncT10x_5_rf_mip_seed1_b3600.json,rf+mip,,155724693.239,
MAT_rf_mip_3600s,10X,IncT10x_5,IncT10x_5_rf_mip_seed1_b3600,1.0,87036.326,,,3651.653,3653.308,3600.0,,,190.0,159.0,50.0,experiments\matheuristics\results_scale_8x10x_v2\IncT10x_5_rf_mip_seed1_b3600.json,rf+mip,greedy_floor,43510609.027,799.246
MAT_rf_mip_3600s,10X,IncT10x_6,IncT10x_6_rf_mip_seed1_b3600,1.0,127960.821,,,3643.264,3645.506,3600.0,,,190.0,159.0,50.0,experiments\matheuristics\results_scale_8x10x\IncT10x_6_rf_mip_seed1_b3600.json,rf+mip,,158178518.819,
MAT_rf_mip_3600s,10X,IncT10x_6,IncT10x_6_rf_mip_seed1_b3600,1.0,187103.043,,,3642.914,3644.472,3600.0,,,190.0,159.0,50.0,experiments\matheuristics\results_scale_8x10x_v2\IncT10x_6_rf_mip_seed1_b3600.json,rf+mip,greedy_floor,63132592.91,844.547
MAT_rf_mip_3600s,8X,IncT8x_2,IncT8x_2_rf_mip_seed1_b3600,1.0,134500.543,,,3627.687,3629.225,3600.0,,,152.0,159.0,50.0,experiments\matheuristics\results_scale_8x10x\IncT8x_2_rf_mip_seed1_b3600.json,rf+mip,,53950636.847,
MAT_rf_mip_3600s,8X,IncT8x_2,IncT8x_2_rf_mip_seed1_b3600,1.0,131246.445,,,3630.108,3631.909,3600.0,,,152.0,159.0,50.0,experiments\matheuristics\results_scale_8x10x_v2\IncT8x_2_rf_mip_seed1_b3600.json,rf+mip,greedy_floor,58659668.175,855.586
MAT_rf_mip_3600s,8X,IncT8x_3,IncT8x_3_rf_mip_seed1_b3600,1.0,68783.65,,,3627.994,3629.455,3600.0,,,152.0,159.0,50.0,experiments\matheuristics\results_scale_8x10x\IncT8x_3_rf_mip_seed1_b3600.json,rf+mip,,66802928.845,
MAT_rf_mip_3600s,8X,IncT8x_3,IncT8x_3_rf_mip_seed1_b3600,1.0,71896.386,,,3625.913,3627.467,3600.0,,,152.0,159.0,50.0,experiments\matheuristics\results_scale_8x10x_v2\IncT8x_3_rf_mip_seed1_b3600.json,rf+mip,greedy_floor,63327814.323,839.753
MAT_rf_mip_3600s,8X,IncT8x_4,IncT8x_4_rf_mip_seed1_b3600,1.0,158113.714,,,3626.033,3628.027,3600.0,,,152.0,159.0,50.0,experiments\matheuristics\results_scale_8x10x\IncT8x_4_rf_mip_seed1_b3600.json,rf+mip,,64750201.02,
MAT_rf_mip_3600s,8X,IncT8x_4,IncT8x_4_rf_mip_seed1_b3600,1.0,160602.997,,,3629.794,3631.38,3600.0,,,152.0,159.0,50.0,experiments\matheuristics\results_scale_8x10x_v2\IncT8x_4_rf_mip_seed1_b3600.json,rf+mip,greedy_floor,60599633.954,836.748
MAT_rf_mip_3600s,8X,IncT8x_5,IncT8x_5_rf_mip_seed1_b3600,1.0,61371.845,,,3628.923,3630.425,3600.0,,,152.0,159.0,50.0,experiments\matheuristics\results_scale_8x10x\IncT8x_5_rf_mip_seed1_b3600.json,rf+mip,,63126450.159,
MAT_rf_mip_3600s,8X,IncT8x_5,IncT8x_5_rf_mip_seed1_b3600,1.0,58152.349,,,3631.247,3632.769,3600.0,,,152.0,159.0,50.0,experiments\matheuristics\results_scale_8x10x_v2\IncT8x_5_rf_mip_seed1_b3600.json,rf+mip,greedy_floor,59725672.856,840.251
MAT_rf_mip_3600s,8X,IncT8x_6,IncT8x_6_rf_mip_seed1_b3600,1.0,98744.057,,,3626.051,3627.507,3600.0,,,152.0,159.0,50.0,experiments\matheuristics\results_scale_8x10x\IncT8x_6_rf_mip_seed1_b3600.json,rf+mip,,53177148.946,
MAT_rf_mip_3600s,8X,IncT8x_6,IncT8x_6_rf_mip_seed1_b3600,1.0,99419.134,,,3626.68,3628.205,3600.0,,,152.0,159.0,50.0,experiments\matheuristics\results_scale_8x10x_v2\IncT8x_6_rf_mip_seed1_b3600.json,rf+mip,greedy_floor,57467501.049,862.821
MAT_rf_mip_600s,10X,IncT10x_2,IncT10x_2_rf_mip_seed1_b600,1.0,267477.979,,,631.371,632.886,600.0,,,190.0,159.0,50.0,experiments\matheuristics\results_production\b600\IncT10x_2_rf_mip_seed1_b600.json,rf+mip,greedy,631636.151,0.0
MAT_rf_mip_600s,10X,IncT10x_3,IncT10x_3_rf_mip_seed1_b600,1.0,245376.956,,,33.823,632.717,600.0,,,190.0,159.0,50.0,experiments\matheuristics\results_production\b600\IncT10x_3_rf_mip_seed1_b600.json,rf+mip,greedy,245376.956,0.0
MAT_rf_mip_600s,10X,IncT10x_4,IncT10x_4_rf_mip_seed1_b600,1.0,378070.456,,,631.804,633.347,600.0,,,190.0,159.0,50.0,experiments\matheuristics\results_production\b600\IncT10x_4_rf_mip_seed1_b600.json,rf+mip,greedy,758904.569,0.0
MAT_rf_mip_600s,10X,IncT10x_5,IncT10x_5_rf_mip_seed1_b600,1.0,106223.536,,,632.662,634.191,600.0,,,190.0,159.0,50.0,experiments\matheuristics\results_production\b600\IncT10x_5_rf_mip_seed1_b600.json,rf+mip,greedy,547701.678,0.0
MAT_rf_mip_600s,10X,IncT10x_6,IncT10x_6_rf_mip_seed1_b600,1.0,182177.969,,,634.247,635.829,600.0,,,190.0,159.0,50.0,experiments\matheuristics\results_production\b600\IncT10x_6_rf_mip_seed1_b600.json,rf+mip,greedy,514389.563,0.0
MAT_rf_mip_600s,2X,IncT2X_1,IncT2X_1_rf_mip_seed1_b600,1.0,40179.544,,,172.514,173.959,600.0,,,38.0,159.0,50.0,experiments\matheuristics\results_production\b600\IncT2X_1_rf_mip_seed1_b600.json,rf+mip,rf,40745.83,23.226
MAT_rf_mip_600s,2X,IncT2X_10,IncT2X_10_rf_mip_seed1_b600,1.0,8335.23,,,155.997,157.444,600.0,,,38.0,159.0,50.0,experiments\matheuristics\results_production\b600\IncT2X_10_rf_mip_seed1_b600.json,rf+mip,rf,9131.803,22.75
MAT_rf_mip_600s,2X,IncT2X_2,IncT2X_2_rf_mip_seed1_b600,1.0,105100.906,,,65.215,66.519,600.0,,,38.0,159.0,50.0,experiments\matheuristics\results_production\b600\IncT2X_2_rf_mip_seed1_b600.json,rf+mip,rf,106524.226,20.263
MAT_rf_mip_600s,2X,IncT2X_3,IncT2X_3_rf_mip_seed1_b600,1.0,42938.57,,,602.272,603.777,600.0,,,38.0,159.0,50.0,experiments\matheuristics\results_production\b600\IncT2X_3_rf_mip_seed1_b600.json,rf+mip,rf,42940.295,22.74
MAT_rf_mip_600s,2X,IncT2X_4,IncT2X_4_rf_mip_seed1_b600,1.0,131571.0,,,64.974,66.269,600.0,,,38.0,159.0,50.0,experiments\matheuristics\results_production\b600\IncT2X_4_rf_mip_seed1_b600.json,rf+mip,rf,147893.679,23.098
MAT_rf_mip_600s,2X,IncT2X_5,IncT2X_5_rf_mip_seed1_b600,1.0,38183.994,,,225.044,226.376,600.0,,,38.0,159.0,50.0,experiments\matheuristics\results_production\b600\IncT2X_5_rf_mip_seed1_b600.json,rf+mip,rf,38543.962,23.517
MAT_rf_mip_600s,2X,IncT2X_6,IncT2X_6_rf_mip_seed1_b600,1.0,70335.169,,,550.999,552.49,600.0,,,38.0,159.0,50.0,experiments\matheuristics\results_production\b600\IncT2X_6_rf_mip_seed1_b600.json,rf+mip,rf,71062.667,21.809
MAT_rf_mip_600s,2X,IncT2X_7,IncT2X_7_rf_mip_seed1_b600,1.0,13554.95,,,601.836,603.366,600.0,,,38.0,159.0,50.0,experiments\matheuristics\results_production\b600\IncT2X_7_rf_mip_seed1_b600.json,rf+mip,rf,13799.605,24.865
MAT_rf_mip_600s,2X,IncT2X_8,IncT2X_8_rf_mip_seed1_b600,1.0,169018.311,,,89.144,90.426,600.0,,,38.0,159.0,50.0,experiments\matheuristics\results_production\b600\IncT2X_8_rf_mip_seed1_b600.json,rf+mip,rf,170004.314,17.579
MAT_rf_mip_600s,2X,IncT2X_9,IncT2X_9_rf_mip_seed1_b600,1.0,18632.113,,,602.451,603.985,600.0,,,38.0,159.0,50.0,experiments\matheuristics\results_production\b600\IncT2X_9_rf_mip_seed1_b600.json,rf+mip,rf,20824.26,23.932
MAT_rf_mip_600s,3X,IncT3x_1,IncT3x_1_rf_mip_seed1_b600,1.0,43678.051,,,603.56,605.086,600.0,,,57.0,159.0,50.0,experiments\matheuristics\results_production\b600\IncT3x_1_rf_mip_seed1_b600.json,rf+mip,rf,44323.481,83.742
MAT_rf_mip_600s,3X,IncT3x_10,IncT3x_10_rf_mip_seed1_b600,1.0,10928.978,,,603.588,605.763,600.0,,,57.0,159.0,50.0,experiments\matheuristics\results_production\b600\IncT3x_10_rf_mip_seed1_b600.json,rf+mip,rf,12087.952,81.431
MAT_rf_mip_600s,3X,IncT3x_2,IncT3x_2_rf_mip_seed1_b600,1.0,108645.892,,,604.441,606.431,600.0,,,57.0,159.0,50.0,experiments\matheuristics\results_production\b600\IncT3x_2_rf_mip_seed1_b600.json,rf+mip,rf,110670.331,73.222
MAT_rf_mip_600s,3X,IncT3x_3,IncT3x_3_rf_mip_seed1_b600,1.0,46190.017,,,603.394,604.827,600.0,,,57.0,159.0,50.0,experiments\matheuristics\results_short_budget\IncT3x_3_rf_mip_seed1_b600.json,rf+mip,,47685.882,
MAT_rf_mip_600s,3X,IncT3x_3,IncT3x_3_rf_mip_seed1_b600,1.0,46154.492,,,611.641,612.957,600.0,,,57.0,159.0,50.0,experiments\matheuristics\results_production\b600\IncT3x_3_rf_mip_seed1_b600.json,rf+mip,rf,48742.491,71.613
MAT_rf_mip_600s,3X,IncT3x_4,IncT3x_4_rf_mip_seed1_b600,1.0,134585.826,,,603.765,605.24,600.0,,,57.0,159.0,50.0,experiments\matheuristics\results_production\b600\IncT3x_4_rf_mip_seed1_b600.json,rf+mip,rf,157778.426,80.64
MAT_rf_mip_600s,3X,IncT3x_5,IncT3x_5_rf_mip_seed1_b600,1.0,40747.722,,,604.237,605.856,600.0,,,57.0,159.0,50.0,experiments\matheuristics\results_production\b600\IncT3x_5_rf_mip_seed1_b600.json,rf+mip,rf,44199.644,78.328
MAT_rf_mip_600s,3X,IncT3x_6,IncT3x_6_rf_mip_seed1_b600,1.0,73650.95,,,603.771,605.266,600.0,,,57.0,159.0,50.0,experiments\matheuristics\results_production\b600\IncT3x_6_rf_mip_seed1_b600.json,rf+mip,rf,74981.179,79.273
MAT_rf_mip_600s,3X,IncT3x_7,IncT3x_7_rf_mip_seed1_b600,1.0,16441.491,,,603.233,604.663,600.0,,,57.0,159.0,50.0,experiments\matheuristics\results_short_budget\IncT3x_7_rf_mip_seed1_b600.json,rf+mip,,19506.115,
MAT_rf_mip_600s,3X,IncT3x_7,IncT3x_7_rf_mip_seed1_b600,1.0,16470.891,,,605.877,607.397,600.0,,,57.0,159.0,50.0,experiments\matheuristics\results_production\b600\IncT3x_7_rf_mip_seed1_b600.json,rf+mip,rf,19506.115,78.661
MAT_rf_mip_600s,3X,IncT3x_8,IncT3x_8_rf_mip_seed1_b600,1.0,171986.913,,,604.149,605.64,600.0,,,57.0,159.0,50.0,experiments\matheuristics\results_production\b600\IncT3x_8_rf_mip_seed1_b600.json,rf+mip,rf,174281.637,64.856
MAT_rf_mip_600s,3X,IncT3x_9,IncT3x_9_rf_mip_seed1_b600,1.0,21824.42,,,603.95,605.44,600.0,,,57.0,159.0,50.0,experiments\matheuristics\results_production\b600\IncT3x_9_rf_mip_seed1_b600.json,rf+mip,rf,24250.824,85.17
MAT_rf_mip_600s,4X,IncT4x_1,IncT4x_1_rf_mip_seed1_b600,1.0,47185.597,,,608.373,609.947,600.0,,,76.0,159.0,50.0,experiments\matheuristics\results_production\b600\IncT4x_1_rf_mip_seed1_b600.json,rf+mip,greedy_floor,1685978.679,119.624
MAT_rf_mip_600s,4X,IncT4x_10,IncT4x_10_rf_mip_seed1_b600,1.0,13823.179,,,607.073,609.295,600.0,,,76.0,159.0,50.0,experiments\matheuristics\results_production\b600\IncT4x_10_rf_mip_seed1_b600.json,rf+mip,greedy_floor,1337917.611,119.201
MAT_rf_mip_600s,4X,IncT4x_2,IncT4x_2_rf_mip_seed1_b600,1.0,112891.756,,,608.961,610.464,600.0,,,76.0,159.0,50.0,experiments\matheuristics\results_production\b600\IncT4x_2_rf_mip_seed1_b600.json,rf+mip,rf,248723.471,141.463
MAT_rf_mip_600s,4X,IncT4x_3,IncT4x_3_rf_mip_seed1_b600,1.0,49578.045,,,606.365,607.831,600.0,,,76.0,159.0,50.0,experiments\matheuristics\results_short_budget\IncT4x_3_rf_mip_seed1_b600.json,rf+mip,,201641.36,
MAT_rf_mip_600s,4X,IncT4x_3,IncT4x_3_rf_mip_seed1_b600,1.0,49713.464,,,608.167,609.779,600.0,,,76.0,159.0,50.0,experiments\matheuristics\results_production\b600\IncT4x_3_rf_mip_seed1_b600.json,rf+mip,greedy_floor,1548773.252,114.99
MAT_rf_mip_600s,4X,IncT4x_4,IncT4x_4_rf_mip_seed1_b600,1.0,139762.236,,,607.302,608.909,600.0,,,76.0,159.0,50.0,experiments\matheuristics\results_production\b600\IncT4x_4_rf_mip_seed1_b600.json,rf+mip,greedy_floor,854193.479,133.325
MAT_rf_mip_600s,4X,IncT4x_5,IncT4x_5_rf_mip_seed1_b600,1.0,43895.475,,,606.951,608.512,600.0,,,76.0,159.0,50.0,experiments\matheuristics\results_production\b600\IncT4x_5_rf_mip_seed1_b600.json,rf+mip,greedy_floor,1716612.292,121.174
MAT_rf_mip_600s,4X,IncT4x_6,IncT4x_6_rf_mip_seed1_b600,1.0,82492.802,,,606.336,607.882,600.0,,,76.0,159.0,50.0,experiments\matheuristics\results_production\b600\IncT4x_6_rf_mip_seed1_b600.json,rf+mip,greedy_floor,1254644.109,118.685
MAT_rf_mip_600s,4X,IncT4x_7,IncT4x_7_rf_mip_seed1_b600,1.0,21389.233,,,606.395,607.82,600.0,,,76.0,159.0,50.0,experiments\matheuristics\results_short_budget\IncT4x_7_rf_mip_seed1_b600.json,rf+mip,,1403928.326,
MAT_rf_mip_600s,4X,IncT4x_7,IncT4x_7_rf_mip_seed1_b600,1.0,20917.704,,,606.799,608.396,600.0,,,76.0,159.0,50.0,experiments\matheuristics\results_production\b600\IncT4x_7_rf_mip_seed1_b600.json,rf+mip,greedy_floor,1489284.871,114.219
MAT_rf_mip_600s,4X,IncT4x_8,IncT4x_8_rf_mip_seed1_b600,1.0,176793.359,,,608.165,609.656,600.0,,,76.0,159.0,50.0,experiments\matheuristics\results_production\b600\IncT4x_8_rf_mip_seed1_b600.json,rf+mip,greedy_floor,2235401.232,133.638
MAT_rf_mip_600s,4X,IncT4x_9,IncT4x_9_rf_mip_seed1_b600,1.0,24929.994,,,606.973,608.539,600.0,,,76.0,159.0,50.0,experiments\matheuristics\results_production\b600\IncT4x_9_rf_mip_seed1_b600.json,rf+mip,greedy_floor,1218528.518,121.323
MAT_rf_mip_600s,5X,IncT5x_1,IncT5x_1_rf_mip_seed1_b600,1.0,53606.275,,,608.236,609.727,600.0,,,95.0,159.0,50.0,experiments\matheuristics\results_production\b600\IncT5x_1_rf_mip_seed1_b600.json,rf+mip,greedy,359388.114,0.0
MAT_rf_mip_600s,5X,IncT5x_10,IncT5x_10_rf_mip_seed1_b600,1.0,18536.715,,,609.678,611.147,600.0,,,95.0,159.0,50.0,experiments\matheuristics\results_short_budget\IncT5x_10_rf_mip_seed1_b600.json,rf+mip,,15353974.912,
MAT_rf_mip_600s,5X,IncT5x_10,IncT5x_10_rf_mip_seed1_b600,1.0,20172.053,,,607.742,609.263,600.0,,,95.0,159.0,50.0,experiments\matheuristics\results_production\b600\IncT5x_10_rf_mip_seed1_b600.json,rf+mip,greedy,177211.478,0.0
MAT_rf_mip_600s,5X,IncT5x_2,IncT5x_2_rf_mip_seed1_b600,1.0,116353.298,,,607.767,609.287,600.0,,,95.0,159.0,50.0,experiments\matheuristics\results_production\b600\IncT5x_2_rf_mip_seed1_b600.json,rf+mip,greedy,413958.797,0.0
MAT_rf_mip_600s,5X,IncT5x_3,IncT5x_3_rf_mip_seed1_b600,1.0,56597.058,,,609.492,610.953,600.0,,,95.0,159.0,50.0,experiments\matheuristics\results_short_budget\IncT5x_3_rf_mip_seed1_b600.json,rf+mip,,16005542.631,
MAT_rf_mip_600s,5X,IncT5x_3,IncT5x_3_rf_mip_seed1_b600,1.0,58683.358,,,607.436,609.862,600.0,,,95.0,159.0,50.0,experiments\matheuristics\results_production\b600\IncT5x_3_rf_mip_seed1_b600.json,rf+mip,greedy,137642.015,0.0
MAT_rf_mip_600s,5X,IncT5x_4,IncT5x_4_rf_mip_seed1_b600,1.0,143247.126,,,608.07,609.613,600.0,,,95.0,159.0,50.0,experiments\matheuristics\results_production\b600\IncT5x_4_rf_mip_seed1_b600.json,rf+mip,greedy,497051.655,0.0
MAT_rf_mip_600s,5X,IncT5x_5,IncT5x_5_rf_mip_seed1_b600,1.0,47755.687,,,607.991,609.481,600.0,,,95.0,159.0,50.0,experiments\matheuristics\results_production\b600\IncT5x_5_rf_mip_seed1_b600.json,rf+mip,greedy,287974.582,0.0
MAT_rf_mip_600s,5X,IncT5x_6,IncT5x_6_rf_mip_seed1_b600,1.0,81249.906,,,607.836,609.314,600.0,,,95.0,159.0,50.0,experiments\matheuristics\results_production\b600\IncT5x_6_rf_mip_seed1_b600.json,rf+mip,greedy,331550.094,0.0
MAT_rf_mip_600s,5X,IncT5x_7,IncT5x_7_rf_mip_seed1_b600,1.0,26103.062,,,607.979,609.61,600.0,,,95.0,159.0,50.0,experiments\matheuristics\results_production\b600\IncT5x_7_rf_mip_seed1_b600.json,rf+mip,greedy,210117.384,0.0
MAT_rf_mip_600s,5X,IncT5x_8,IncT5x_8_rf_mip_seed1_b600,1.0,177995.563,,,607.165,608.467,600.0,,,95.0,159.0,50.0,experiments\matheuristics\results_production\b600\IncT5x_8_rf_mip_seed1_b600.json,rf+mip,greedy,492115.321,0.0
MAT_rf_mip_600s,5X,IncT5x_9,IncT5x_9_rf_mip_seed1_b600,1.0,30166.525,,,606.793,608.149,600.0,,,95.0,159.0,50.0,experiments\matheuristics\results_production\b600\IncT5x_9_rf_mip_seed1_b600.json,rf+mip,greedy,332541.741,0.0
MAT_rf_mip_600s,8X,IncT8x_2,IncT8x_2_rf_mip_seed1_b600,1.0,159071.315,,,619.006,620.511,600.0,,,152.0,159.0,50.0,experiments\matheuristics\results_production\b600\IncT8x_2_rf_mip_seed1_b600.json,rf+mip,greedy,551092.88,0.0
MAT_rf_mip_600s,8X,IncT8x_3,IncT8x_3_rf_mip_seed1_b600,1.0,74801.486,,,618.819,620.35,600.0,,,152.0,159.0,50.0,experiments\matheuristics\results_production\b600\IncT8x_3_rf_mip_seed1_b600.json,rf+mip,greedy,195753.218,0.0
MAT_rf_mip_600s,8X,IncT8x_4,IncT8x_4_rf_mip_seed1_b600,1.0,160681.797,,,620.151,621.662,600.0,,,152.0,159.0,50.0,experiments\matheuristics\results_production\b600\IncT8x_4_rf_mip_seed1_b600.json,rf+mip,greedy,670887.419,0.0
MAT_rf_mip_600s,8X,IncT8x_5,IncT8x_5_rf_mip_seed1_b600,1.0,67322.044,,,620.155,621.697,600.0,,,152.0,159.0,50.0,experiments\matheuristics\results_production\b600\IncT8x_5_rf_mip_seed1_b600.json,rf+mip,greedy,427634.835,0.0
MAT_rf_mip_600s,8X,IncT8x_6,IncT8x_6_rf_mip_seed1_b600,1.0,103671.906,,,619.937,621.419,600.0,,,152.0,159.0,50.0,experiments\matheuristics\results_production\b600\IncT8x_6_rf_mip_seed1_b600.json,rf+mip,greedy,434147.345,0.0
MAT_rf_mip_600s,Real,Ale_1,Ale_1_rf_mip_seed1,1.0,86264.683,,,55.689,57.194,600.0,,,25.0,160.0,50.0,experiments\matheuristics\results_pilot\Ale_1_rf_mip_seed1.json,rf+mip,,91993.707,
MAT_rf_mip_600s,Real,Ale_1,Ale_1_rf_mip_seed1_b600,1.0,86264.683,,,56.941,58.203,600.0,,,25.0,160.0,50.0,experiments\matheuristics\results_production\b600\Ale_1_rf_mip_seed1_b600.json,rf+mip,rf,91993.707,7.275
MAT_rf_mip_600s,Real,Ale_10,Ale_10_rf_mip_seed1_b600,1.0,5639.568,,,5.622,6.9,600.0,,,19.0,159.0,50.0,experiments\matheuristics\results_production\b600\Ale_10_rf_mip_seed1_b600.json,rf+mip,rf,6402.203,2.804
MAT_rf_mip_600s,Real,Ale_2,Ale_2_rf_mip_seed1_b600,1.0,99950.709,,,3.611,7.009,600.0,,,19.0,159.0,50.0,experiments\matheuristics\results_production\b600\Ale_2_rf_mip_seed1_b600.json,rf+mip,rf,99950.709,3.001
MAT_rf_mip_600s,Real,Ale_3,Ale_3_rf_mip_seed1_b600,1.0,39695.173,,,4.035,8.399,600.0,,,19.0,159.0,50.0,experiments\matheuristics\results_production\b600\Ale_3_rf_mip_seed1_b600.json,rf+mip,rf,39695.173,3.434
MAT_rf_mip_600s,Real,Ale_4,Ale_4_rf_mip_seed1_b600,1.0,127725.976,,,7.671,8.961,600.0,,,19.0,159.0,50.0,experiments\matheuristics\results_production\b600\Ale_4_rf_mip_seed1_b600.json,rf+mip,rf,132251.704,3.868
MAT_rf_mip_600s,Real,Ale_5,Ale_5_rf_mip_seed1_b600,1.0,35426.141,,,6.836,8.114,600.0,,,19.0,159.0,50.0,experiments\matheuristics\results_production\b600\Ale_5_rf_mip_seed1_b600.json,rf+mip,rf,35610.208,3.248
MAT_rf_mip_600s,Real,Ale_6,Ale_6_rf_mip_seed1_b600,1.0,66677.463,,,3.56,6.766,600.0,,,19.0,159.0,50.0,experiments\matheuristics\results_production\b600\Ale_6_rf_mip_seed1_b600.json,rf+mip,rf,66677.463,2.939
MAT_rf_mip_600s,Real,Ale_7,Ale_7_rf_mip_seed1_b600,1.0,10568.618,,,4.287,46.877,600.0,,,19.0,159.0,50.0,experiments\matheuristics\results_production\b600\Ale_7_rf_mip_seed1_b600.json,rf+mip,rf,10568.618,3.66
MAT_rf_mip_600s,Real,Ale_8,Ale_8_rf_mip_seed1_b600,1.0,160911.938,,,3.238,6.573,600.0,,,19.0,159.0,50.0,experiments\matheuristics\results_production\b600\Ale_8_rf_mip_seed1_b600.json,rf+mip,rf,160911.938,2.605
MAT_rf_mip_600s,Real,Ale_9,Ale_9_rf_mip_seed1_b600,1.0,15627.917,,,7.476,8.782,600.0,,,19.0,159.0,50.0,experiments\matheuristics\results_production\b600\Ale_9_rf_mip_seed1_b600.json,rf+mip,rf,17510.791,3.891
